"sample","virus","uniquely_mapped_reads","mismatch_rate_per_base"
"SRR22753365","combined_herpes_viruses","0","-nan%"
"SRR22753365","EBV","0","-nan%"
"SRR22753365","HCMV","0","-nan%"
"SRR22753365","HHV6B","0","-nan%"
"SRR22753365","HHV7","0","-nan%"
"SRR22753365","HSV1_KOS","15","2.91%"
"SRR22753365","HSV2_StrainG","0","-nan%"
"SRR22753365","KSHV","3","7.61%"
"SRR22753365","VZV_Ellen","0","-nan%"
"SRR22753366","combined_herpes_viruses","0","-nan%"
"SRR22753366","EBV","0","-nan%"
"SRR22753366","HCMV","0","-nan%"
"SRR22753366","HHV6B","0","-nan%"
"SRR22753366","HHV7","0","-nan%"
"SRR22753366","HSV1_KOS","43","3.59%"
"SRR22753366","HSV2_StrainG","0","-nan%"
"SRR22753366","KSHV","5","4.32%"
"SRR22753366","VZV_Ellen","0","-nan%"
"SRR22753367","combined_herpes_viruses","0","-nan%"
"SRR22753367","EBV","0","-nan%"
"SRR22753367","HCMV","0","-nan%"
"SRR22753367","HHV6B","0","-nan%"
"SRR22753367","HHV7","0","-nan%"
"SRR22753367","HSV1_KOS","8","3.09%"
"SRR22753367","HSV2_StrainG","1","10.39%"
"SRR22753367","KSHV","2","9.43%"
"SRR22753367","VZV_Ellen","0","-nan%"
"SRR22753368","combined_herpes_viruses","0","-nan%"
"SRR22753368","EBV","0","-nan%"
"SRR22753368","HCMV","0","-nan%"
"SRR22753368","HHV6B","0","-nan%"
"SRR22753368","HHV7","0","-nan%"
"SRR22753368","HSV1_KOS","17","2.53%"
"SRR22753368","HSV2_StrainG","1","9.46%"
"SRR22753368","KSHV","1","2.82%"
"SRR22753368","VZV_Ellen","0","-nan%"
"SRR22753369","combined_herpes_viruses","0","-nan%"
"SRR22753369","EBV","0","-nan%"
"SRR22753369","HCMV","0","-nan%"
"SRR22753369","HHV6B","1","7.79%"
"SRR22753369","HHV7","0","-nan%"
"SRR22753369","HSV1_KOS","1","4.00%"
"SRR22753369","HSV2_StrainG","4","7.97%"
"SRR22753369","KSHV","4","10.70%"
"SRR22753369","VZV_Ellen","0","-nan%"
"SRR22753370","combined_herpes_viruses","0","-nan%"
"SRR22753370","EBV","0","-nan%"
"SRR22753370","HCMV","0","-nan%"
"SRR22753370","HHV6B","0","-nan%"
"SRR22753370","HHV7","0","-nan%"
"SRR22753370","HSV1_KOS","1","5.19%"
"SRR22753370","HSV2_StrainG","0","-nan%"
"SRR22753370","KSHV","3","5.83%"
"SRR22753370","VZV_Ellen","0","-nan%"
"SRR22753371","combined_herpes_viruses","0","-nan%"
"SRR22753371","EBV","0","-nan%"
"SRR22753371","HCMV","0","-nan%"
"SRR22753371","HHV6B","1","10.13%"
"SRR22753371","HHV7","0","-nan%"
"SRR22753371","HSV1_KOS","2","3.88%"
"SRR22753371","HSV2_StrainG","1","5.26%"
"SRR22753371","KSHV","1","8.00%"
"SRR22753371","VZV_Ellen","0","-nan%"
"SRR22753372","combined_herpes_viruses","0","-nan%"
"SRR22753372","EBV","0","-nan%"
"SRR22753372","HCMV","0","-nan%"
"SRR22753372","HHV6B","0","-nan%"
"SRR22753372","HHV7","0","-nan%"
"SRR22753372","HSV1_KOS","4","4.98%"
"SRR22753372","HSV2_StrainG","0","-nan%"
"SRR22753372","KSHV","0","-nan%"
"SRR22753372","VZV_Ellen","0","-nan%"
"SRR22753373","combined_herpes_viruses","0","-nan%"
"SRR22753373","EBV","0","-nan%"
"SRR22753373","HCMV","0","-nan%"
"SRR22753373","HHV6B","0","-nan%"
"SRR22753373","HHV7","0","-nan%"
"SRR22753373","HSV1_KOS","1","7.59%"
"SRR22753373","HSV2_StrainG","2","8.75%"
"SRR22753373","KSHV","1","6.02%"
"SRR22753373","VZV_Ellen","0","-nan%"
"SRR22753374","combined_herpes_viruses","0","-nan%"
"SRR22753374","EBV","0","-nan%"
"SRR22753374","HCMV","0","-nan%"
"SRR22753374","HHV6B","0","-nan%"
"SRR22753374","HHV7","0","-nan%"
"SRR22753374","HSV1_KOS","0","-nan%"
"SRR22753374","HSV2_StrainG","2","7.69%"
"SRR22753374","KSHV","2","8.39%"
"SRR22753374","VZV_Ellen","0","-nan%"
"SRR22753375","combined_herpes_viruses","0","-nan%"
"SRR22753375","EBV","0","-nan%"
"SRR22753375","HCMV","0","-nan%"
"SRR22753375","HHV6B","0","-nan%"
"SRR22753375","HHV7","0","-nan%"
"SRR22753375","HSV1_KOS","6","4.46%"
"SRR22753375","HSV2_StrainG","1","7.89%"
"SRR22753375","KSHV","3","7.66%"
"SRR22753375","VZV_Ellen","0","-nan%"
"SRR22753376","combined_herpes_viruses","0","-nan%"
"SRR22753376","EBV","0","-nan%"
"SRR22753376","HCMV","0","-nan%"
"SRR22753376","HHV6B","0","-nan%"
"SRR22753376","HHV7","0","-nan%"
"SRR22753376","HSV1_KOS","5","2.12%"
"SRR22753376","HSV2_StrainG","2","8.22%"
"SRR22753376","KSHV","5","8.44%"
"SRR22753376","VZV_Ellen","0","-nan%"
"SRR22753377","combined_herpes_viruses","0","-nan%"
"SRR22753377","EBV","0","-nan%"
"SRR22753377","HCMV","0","-nan%"
"SRR22753377","HHV6B","0","-nan%"
"SRR22753377","HHV7","0","-nan%"
"SRR22753377","HSV1_KOS","8","3.26%"
"SRR22753377","HSV2_StrainG","2","7.59%"
"SRR22753377","KSHV","1","9.46%"
"SRR22753377","VZV_Ellen","0","-nan%"
"SRR22753378","combined_herpes_viruses","0","-nan%"
"SRR22753378","EBV","0","-nan%"
"SRR22753378","HCMV","0","-nan%"
"SRR22753378","HHV6B","1","7.69%"
"SRR22753378","HHV7","0","-nan%"
"SRR22753378","HSV1_KOS","7","6.48%"
"SRR22753378","HSV2_StrainG","0","-nan%"
"SRR22753378","KSHV","3","6.61%"
"SRR22753378","VZV_Ellen","0","-nan%"
"SRR22753379","combined_herpes_viruses","0","-nan%"
"SRR22753379","EBV","0","-nan%"
"SRR22753379","HCMV","0","-nan%"
"SRR22753379","HHV6B","1","8.00%"
"SRR22753379","HHV7","0","-nan%"
"SRR22753379","HSV1_KOS","13","5.69%"
"SRR22753379","HSV2_StrainG","2","9.80%"
"SRR22753379","KSHV","3","9.58%"
"SRR22753379","VZV_Ellen","0","-nan%"
"SRR22753380","combined_herpes_viruses","0","-nan%"
"SRR22753380","EBV","0","-nan%"
"SRR22753380","HCMV","0","-nan%"
"SRR22753380","HHV6B","0","-nan%"
"SRR22753380","HHV7","0","-nan%"
"SRR22753380","HSV1_KOS","12","5.49%"
"SRR22753380","HSV2_StrainG","1","8.54%"
"SRR22753380","KSHV","9","6.70%"
"SRR22753380","VZV_Ellen","0","-nan%"
"SRR22753381","combined_herpes_viruses","0","-nan%"
"SRR22753381","EBV","0","-nan%"
"SRR22753381","HCMV","0","-nan%"
"SRR22753381","HHV6B","0","-nan%"
"SRR22753381","HHV7","0","-nan%"
"SRR22753381","HSV1_KOS","5","4.70%"
"SRR22753381","HSV2_StrainG","1","10.53%"
"SRR22753381","KSHV","5","8.58%"
"SRR22753381","VZV_Ellen","0","-nan%"
"SRR22753382","combined_herpes_viruses","0","-nan%"
"SRR22753382","EBV","0","-nan%"
"SRR22753382","HCMV","0","-nan%"
"SRR22753382","HHV6B","0","-nan%"
"SRR22753382","HHV7","0","-nan%"
"SRR22753382","HSV1_KOS","1","0.00%"
"SRR22753382","HSV2_StrainG","3","7.54%"
"SRR22753382","KSHV","4","9.29%"
"SRR22753382","VZV_Ellen","0","-nan%"
"SRR22753383","combined_herpes_viruses","0","-nan%"
"SRR22753383","EBV","0","-nan%"
"SRR22753383","HCMV","0","-nan%"
"SRR22753383","HHV6B","0","-nan%"
"SRR22753383","HHV7","0","-nan%"
"SRR22753383","HSV1_KOS","1","6.58%"
"SRR22753383","HSV2_StrainG","2","8.48%"
"SRR22753383","KSHV","7","7.02%"
"SRR22753383","VZV_Ellen","0","-nan%"
"SRR22753384","combined_herpes_viruses","0","-nan%"
"SRR22753384","EBV","0","-nan%"
"SRR22753384","HCMV","0","-nan%"
"SRR22753384","HHV6B","0","-nan%"
"SRR22753384","HHV7","0","-nan%"
"SRR22753384","HSV1_KOS","0","-nan%"
"SRR22753384","HSV2_StrainG","1","8.33%"
"SRR22753384","KSHV","5","7.09%"
"SRR22753384","VZV_Ellen","0","-nan%"
"SRR22753385","combined_herpes_viruses","0","-nan%"
"SRR22753385","EBV","1","7.69%"
"SRR22753385","HCMV","0","-nan%"
"SRR22753385","HHV6B","0","-nan%"
"SRR22753385","HHV7","0","-nan%"
"SRR22753385","HSV1_KOS","1","5.06%"
"SRR22753385","HSV2_StrainG","1","9.30%"
"SRR22753385","KSHV","5","7.87%"
"SRR22753385","VZV_Ellen","0","-nan%"
"SRR22753386","combined_herpes_viruses","0","-nan%"
"SRR22753386","EBV","0","-nan%"
"SRR22753386","HCMV","0","-nan%"
"SRR22753386","HHV6B","2","9.52%"
"SRR22753386","HHV7","0","-nan%"
"SRR22753386","HSV1_KOS","0","-nan%"
"SRR22753386","HSV2_StrainG","0","-nan%"
"SRR22753386","KSHV","0","-nan%"
"SRR22753386","VZV_Ellen","0","-nan%"
"SRR22753387","combined_herpes_viruses","0","-nan%"
"SRR22753387","EBV","0","-nan%"
"SRR22753387","HCMV","0","-nan%"
"SRR22753387","HHV6B","1","9.46%"
"SRR22753387","HHV7","0","-nan%"
"SRR22753387","HSV1_KOS","20","4.87%"
"SRR22753387","HSV2_StrainG","1","10.13%"
"SRR22753387","KSHV","1","1.45%"
"SRR22753387","VZV_Ellen","0","-nan%"
"SRR22753388","combined_herpes_viruses","0","-nan%"
"SRR22753388","EBV","0","-nan%"
"SRR22753388","HCMV","0","-nan%"
"SRR22753388","HHV6B","0","-nan%"
"SRR22753388","HHV7","0","-nan%"
"SRR22753388","HSV1_KOS","23","4.51%"
"SRR22753388","HSV2_StrainG","0","-nan%"
"SRR22753388","KSHV","1","8.82%"
"SRR22753388","VZV_Ellen","0","-nan%"
"SRR22753389","combined_herpes_viruses","0","-nan%"
"SRR22753389","EBV","0","-nan%"
"SRR22753389","HCMV","1","10.34%"
"SRR22753389","HHV6B","0","-nan%"
"SRR22753389","HHV7","0","-nan%"
"SRR22753389","HSV1_KOS","15","4.73%"
"SRR22753389","HSV2_StrainG","1","8.22%"
"SRR22753389","KSHV","2","7.74%"
"SRR22753389","VZV_Ellen","0","-nan%"
"SRR22753390","combined_herpes_viruses","0","-nan%"
"SRR22753390","EBV","0","-nan%"
"SRR22753390","HCMV","0","-nan%"
"SRR22753390","HHV6B","1","10.39%"
"SRR22753390","HHV7","0","-nan%"
"SRR22753390","HSV1_KOS","9","3.35%"
"SRR22753390","HSV2_StrainG","2","8.78%"
"SRR22753390","KSHV","5","6.85%"
"SRR22753390","VZV_Ellen","0","-nan%"
"SRR22753391","combined_herpes_viruses","0","-nan%"
"SRR22753391","EBV","0","-nan%"
"SRR22753391","HCMV","0","-nan%"
"SRR22753391","HHV6B","1","4.35%"
"SRR22753391","HHV7","0","-nan%"
"SRR22753391","HSV1_KOS","20","4.00%"
"SRR22753391","HSV2_StrainG","3","6.73%"
"SRR22753391","KSHV","1","6.41%"
"SRR22753391","VZV_Ellen","0","-nan%"
"SRR22753392","combined_herpes_viruses","0","-nan%"
"SRR22753392","EBV","1","0.00%"
"SRR22753392","HCMV","0","-nan%"
"SRR22753392","HHV6B","0","-nan%"
"SRR22753392","HHV7","0","-nan%"
"SRR22753392","HSV1_KOS","10","2.49%"
"SRR22753392","HSV2_StrainG","0","-nan%"
"SRR22753392","KSHV","1","10.81%"
"SRR22753392","VZV_Ellen","0","-nan%"
"SRR22753393","combined_herpes_viruses","0","-nan%"
"SRR22753393","EBV","0","-nan%"
"SRR22753393","HCMV","0","-nan%"
"SRR22753393","HHV6B","0","-nan%"
"SRR22753393","HHV7","0","-nan%"
"SRR22753393","HSV1_KOS","17","4.53%"
"SRR22753393","HSV2_StrainG","0","-nan%"
"SRR22753393","KSHV","0","-nan%"
"SRR22753393","VZV_Ellen","0","-nan%"
"SRR22753394","combined_herpes_viruses","0","-nan%"
"SRR22753394","EBV","6","0.39%"
"SRR22753394","HCMV","0","-nan%"
"SRR22753394","HHV6B","0","-nan%"
"SRR22753394","HHV7","0","-nan%"
"SRR22753394","HSV1_KOS","52","3.74%"
"SRR22753394","HSV2_StrainG","1","9.33%"
"SRR22753394","KSHV","1","8.00%"
"SRR22753394","VZV_Ellen","0","-nan%"
"SRR22753395","combined_herpes_viruses","0","-nan%"
"SRR22753395","EBV","0","-nan%"
"SRR22753395","HCMV","0","-nan%"
"SRR22753395","HHV6B","0","-nan%"
"SRR22753395","HHV7","0","-nan%"
"SRR22753395","HSV1_KOS","3","2.86%"
"SRR22753395","HSV2_StrainG","0","-nan%"
"SRR22753395","KSHV","4","7.67%"
"SRR22753395","VZV_Ellen","0","-nan%"
"SRR22753396","combined_herpes_viruses","0","-nan%"
"SRR22753396","EBV","0","-nan%"
"SRR22753396","HCMV","0","-nan%"
"SRR22753396","HHV6B","0","-nan%"
"SRR22753396","HHV7","0","-nan%"
"SRR22753396","HSV1_KOS","2","6.85%"
"SRR22753396","HSV2_StrainG","16","7.73%"
"SRR22753396","KSHV","30","7.88%"
"SRR22753396","VZV_Ellen","0","-nan%"
"SRR22753397","combined_herpes_viruses","0","-nan%"
"SRR22753397","EBV","0","-nan%"
"SRR22753397","HCMV","0","-nan%"
"SRR22753397","HHV6B","0","-nan%"
"SRR22753397","HHV7","0","-nan%"
"SRR22753397","HSV1_KOS","4","5.02%"
"SRR22753397","HSV2_StrainG","8","8.37%"
"SRR22753397","KSHV","28","7.75%"
"SRR22753397","VZV_Ellen","0","-nan%"
"SRR22753398","combined_herpes_viruses","0","-nan%"
"SRR22753398","EBV","0","-nan%"
"SRR22753398","HCMV","0","-nan%"
"SRR22753398","HHV6B","2","10.39%"
"SRR22753398","HHV7","0","-nan%"
"SRR22753398","HSV1_KOS","4","5.50%"
"SRR22753398","HSV2_StrainG","16","8.14%"
"SRR22753398","KSHV","24","8.09%"
"SRR22753398","VZV_Ellen","0","-nan%"
"SRR22753399","EBV","0","-nan%"
"SRR22753399","HCMV","0","-nan%"
"SRR22753399","HHV6B","0","-nan%"
"SRR22753399","HHV7","0","-nan%"
"SRR22753399","HSV1_KOS","3","7.27%"
"SRR22753399","HSV2_StrainG","9","8.09%"
"SRR22753399","KSHV","28","7.83%"
"SRR22753399","VZV_Ellen","0","-nan%"
"SRR22753400","combined_herpes_viruses","0","-nan%"
"SRR22753401","combined_herpes_viruses","0","-nan%"
"SRR22753401","EBV","0","-nan%"
"SRR22753401","HCMV","0","-nan%"
"SRR22753401","HHV6B","0","-nan%"
"SRR22753401","HHV7","0","-nan%"
"SRR22753401","HSV1_KOS","95","3.77%"
"SRR22753401","HSV2_StrainG","1","0.00%"
"SRR22753401","KSHV","0","-nan%"
"SRR22753401","VZV_Ellen","0","-nan%"
"SRR22753402","combined_herpes_viruses","0","-nan%"
"SRR22753402","EBV","0","-nan%"
"SRR22753402","HCMV","0","-nan%"
"SRR22753402","HHV6B","1","9.46%"
"SRR22753402","HHV7","0","-nan%"
"SRR22753402","HSV1_KOS","16","2.38%"
"SRR22753402","HSV2_StrainG","0","-nan%"
"SRR22753402","KSHV","0","-nan%"
"SRR22753402","VZV_Ellen","0","-nan%"
"SRR22753403","EBV","13","0.63%"
"SRR22753403","HCMV","0","-nan%"
"SRR22753403","HHV6B","0","-nan%"
"SRR22753403","HHV7","0","-nan%"
"SRR22753403","HSV1_KOS","63","4.21%"
"SRR22753403","HSV2_StrainG","0","-nan%"
"SRR22753403","KSHV","0","-nan%"
"SRR22753403","VZV_Ellen","0","-nan%"
"SRR22753404","combined_herpes_viruses","0","-nan%"
"SRR22753404","EBV","0","-nan%"
"SRR22753404","HCMV","0","-nan%"
"SRR22753404","HHV6B","1","7.41%"
"SRR22753404","HHV7","0","-nan%"
"SRR22753404","HSV1_KOS","82","4.46%"
"SRR22753404","HSV2_StrainG","1","8.14%"
"SRR22753404","KSHV","3","6.42%"
"SRR22753404","VZV_Ellen","0","-nan%"
"SRR22753405","combined_herpes_viruses","0","-nan%"
"SRR22753405","EBV","0","-nan%"
"SRR22753405","HCMV","0","-nan%"
"SRR22753405","HHV6B","0","-nan%"
"SRR22753405","HHV7","1","9.41%"
"SRR22753405","HSV1_KOS","62","4.31%"
"SRR22753405","HSV2_StrainG","2","9.76%"
"SRR22753405","KSHV","3","5.08%"
"SRR22753405","VZV_Ellen","0","-nan%"
"SRR22753406","combined_herpes_viruses","0","-nan%"
"SRR22753406","EBV","0","-nan%"
"SRR22753406","HCMV","4","4.00%"
"SRR22753406","HHV6B","0","-nan%"
"SRR22753406","HHV7","0","-nan%"
"SRR22753406","HSV1_KOS","28","3.84%"
"SRR22753406","HSV2_StrainG","0","-nan%"
"SRR22753406","KSHV","3","4.59%"
"SRR22753406","VZV_Ellen","0","-nan%"
"SRR22753407","combined_herpes_viruses","0","-nan%"
"SRR22753407","EBV","0","-nan%"
"SRR22753407","HCMV","1","10.34%"
"SRR22753407","HHV6B","0","-nan%"
"SRR22753407","HHV7","0","-nan%"
"SRR22753407","HSV1_KOS","42","3.68%"
"SRR22753407","HSV2_StrainG","2","6.29%"
"SRR22753407","KSHV","3","9.09%"
"SRR22753407","VZV_Ellen","0","-nan%"
"SRR22753408","combined_herpes_viruses","0","-nan%"
"SRR22753408","EBV","0","-nan%"
"SRR22753408","HCMV","1","6.00%"
"SRR22753408","HHV6B","0","-nan%"
"SRR22753408","HHV7","0","-nan%"
"SRR22753408","HSV1_KOS","23","3.39%"
"SRR22753408","HSV2_StrainG","2","8.72%"
"SRR22753408","KSHV","5","4.72%"
"SRR22753408","VZV_Ellen","0","-nan%"
"SRR22753409","EBV","0","-nan%"
"SRR22753409","HCMV","0","-nan%"
"SRR22753409","HHV6B","0","-nan%"
"SRR22753409","HHV7","0","-nan%"
"SRR22753409","HSV1_KOS","6","7.72%"
"SRR22753409","HSV2_StrainG","1","9.09%"
"SRR22753409","KSHV","0","-nan%"
"SRR22753409","VZV_Ellen","0","-nan%"
"SRR22753410","combined_herpes_viruses","0","-nan%"
"SRR22753410","EBV","0","-nan%"
"SRR22753410","HCMV","0","-nan%"
"SRR22753410","HHV6B","0","-nan%"
"SRR22753410","HHV7","0","-nan%"
"SRR22753410","HSV1_KOS","9","5.15%"
"SRR22753410","HSV2_StrainG","0","-nan%"
"SRR22753410","KSHV","1","5.41%"
"SRR22753410","VZV_Ellen","0","-nan%"
"SRR22753411","combined_herpes_viruses","0","-nan%"
"SRR22753411","EBV","0","-nan%"
"SRR22753411","HCMV","0","-nan%"
"SRR22753411","HHV6B","0","-nan%"
"SRR22753411","HHV7","0","-nan%"
"SRR22753411","HSV1_KOS","0","-nan%"
"SRR22753411","HSV2_StrainG","0","-nan%"
"SRR22753411","KSHV","3","7.23%"
"SRR22753411","VZV_Ellen","0","-nan%"
"SRR22753412","combined_herpes_viruses","0","-nan%"
"SRR22753412","EBV","0","-nan%"
"SRR22753412","HCMV","0","-nan%"
"SRR22753412","HHV6B","1","9.33%"
"SRR22753412","HHV7","0","-nan%"
"SRR22753412","HSV1_KOS","1","7.79%"
"SRR22753412","HSV2_StrainG","3","6.76%"
"SRR22753412","KSHV","4","8.03%"
"SRR22753412","VZV_Ellen","0","-nan%"
"SRR22753413","combined_herpes_viruses","0","-nan%"
"SRR22753413","EBV","0","-nan%"
"SRR22753413","HCMV","0","-nan%"
"SRR22753413","HHV6B","0","-nan%"
"SRR22753413","HHV7","0","-nan%"
"SRR22753413","HSV1_KOS","0","-nan%"
"SRR22753413","HSV2_StrainG","2","4.03%"
"SRR22753413","KSHV","1","8.97%"
"SRR22753413","VZV_Ellen","0","-nan%"
"SRR22753414","combined_herpes_viruses","0","-nan%"
"SRR22753414","EBV","0","-nan%"
"SRR22753414","HCMV","0","-nan%"
"SRR22753414","HHV6B","0","-nan%"
"SRR22753414","HHV7","0","-nan%"
"SRR22753414","HSV1_KOS","6","3.64%"
"SRR22753414","HSV2_StrainG","1","8.33%"
"SRR22753414","KSHV","0","-nan%"
"SRR22753414","VZV_Ellen","0","-nan%"
"SRR22753415","combined_herpes_viruses","0","-nan%"
"SRR22753415","EBV","0","-nan%"
"SRR22753415","HCMV","0","-nan%"
"SRR22753415","HHV6B","0","-nan%"
"SRR22753415","HHV7","0","-nan%"
"SRR22753415","HSV1_KOS","0","-nan%"
"SRR22753415","HSV2_StrainG","1","9.52%"
"SRR22753415","KSHV","2","7.89%"
"SRR22753415","VZV_Ellen","0","-nan%"
"SRR22753416","EBV","0","-nan%"
"SRR22753416","HCMV","0","-nan%"
"SRR22753416","HHV6B","1","8.45%"
"SRR22753416","HHV7","0","-nan%"
"SRR22753416","HSV1_KOS","0","-nan%"
"SRR22753416","HSV2_StrainG","1","10.39%"
"SRR22753416","KSHV","1","5.13%"
"SRR22753416","VZV_Ellen","0","-nan%"
"SRR22753417","combined_herpes_viruses","0","-nan%"
"SRR22753417","EBV","0","-nan%"
"SRR22753417","HCMV","0","-nan%"
"SRR22753417","HHV6B","0","-nan%"
"SRR22753417","HHV7","0","-nan%"
"SRR22753417","HSV1_KOS","2","5.41%"
"SRR22753417","HSV2_StrainG","4","8.85%"
"SRR22753417","KSHV","5","8.53%"
"SRR22753417","VZV_Ellen","0","-nan%"
"SRR22753418","combined_herpes_viruses","0","-nan%"
"SRR22753418","EBV","0","-nan%"
"SRR22753418","HCMV","1","5.88%"
"SRR22753418","HHV6B","0","-nan%"
"SRR22753418","HHV7","0","-nan%"
"SRR22753418","HSV1_KOS","1","7.79%"
"SRR22753418","HSV2_StrainG","0","-nan%"
"SRR22753418","KSHV","2","5.96%"
"SRR22753418","VZV_Ellen","0","-nan%"
"SRR22753419","combined_herpes_viruses","0","-nan%"
"SRR22753419","EBV","0","-nan%"
"SRR22753419","HCMV","0","-nan%"
"SRR22753419","HHV6B","0","-nan%"
"SRR22753419","HHV7","0","-nan%"
"SRR22753419","HSV1_KOS","4","4.11%"
"SRR22753419","HSV2_StrainG","5","8.05%"
"SRR22753419","KSHV","11","8.29%"
"SRR22753419","VZV_Ellen","0","-nan%"
"SRR22753420","combined_herpes_viruses","0","-nan%"
"SRR22753420","EBV","0","-nan%"
"SRR22753420","HCMV","0","-nan%"
"SRR22753420","HHV6B","0","-nan%"
"SRR22753420","HHV7","0","-nan%"
"SRR22753420","HSV1_KOS","3","6.06%"
"SRR22753420","HSV2_StrainG","6","6.57%"
"SRR22753420","KSHV","7","8.12%"
"SRR22753420","VZV_Ellen","0","-nan%"
"SRR22753421","combined_herpes_viruses","0","-nan%"
"SRR22753421","EBV","0","-nan%"
"SRR22753421","HCMV","0","-nan%"
"SRR22753421","HHV6B","0","-nan%"
"SRR22753421","HHV7","0","-nan%"
"SRR22753421","HSV1_KOS","1","5.97%"
"SRR22753421","HSV2_StrainG","4","5.78%"
"SRR22753421","KSHV","7","8.27%"
"SRR22753421","VZV_Ellen","0","-nan%"
"SRR22753422","combined_herpes_viruses","0","-nan%"
"SRR22753422","EBV","0","-nan%"
"SRR22753422","HCMV","0","-nan%"
"SRR22753422","HHV6B","0","-nan%"
"SRR22753422","HHV7","0","-nan%"
"SRR22753422","HSV1_KOS","2","7.05%"
"SRR22753422","HSV2_StrainG","2","9.41%"
"SRR22753422","KSHV","8","7.54%"
"SRR22753422","VZV_Ellen","0","-nan%"
"SRR22753423","combined_herpes_viruses","0","-nan%"
"SRR22753423","EBV","0","-nan%"
"SRR22753423","HCMV","0","-nan%"
"SRR22753423","HHV6B","1","5.63%"
"SRR22753423","HHV7","0","-nan%"
"SRR22753423","HSV1_KOS","1","2.53%"
"SRR22753423","HSV2_StrainG","0","-nan%"
"SRR22753423","KSHV","2","8.33%"
"SRR22753423","VZV_Ellen","0","-nan%"
"SRR22753424","combined_herpes_viruses","0","-nan%"
"SRR22753424","EBV","0","-nan%"
"SRR22753424","HCMV","0","-nan%"
"SRR22753424","HHV6B","0","-nan%"
"SRR22753424","HHV7","0","-nan%"
"SRR22753424","HSV1_KOS","1","0.00%"
"SRR22753424","HSV2_StrainG","1","5.88%"
"SRR22753424","KSHV","0","-nan%"
"SRR22753424","VZV_Ellen","0","-nan%"
"SRR22753425","combined_herpes_viruses","0","-nan%"
"SRR22753425","EBV","0","-nan%"
"SRR22753425","HCMV","1","10.53%"
"SRR22753425","HHV6B","0","-nan%"
"SRR22753425","HHV7","0","-nan%"
"SRR22753425","HSV1_KOS","1","0.00%"
"SRR22753425","HSV2_StrainG","0","-nan%"
"SRR22753425","KSHV","1","9.76%"
"SRR22753425","VZV_Ellen","0","-nan%"
"SRR22753426","combined_herpes_viruses","0","-nan%"
"SRR22753426","EBV","0","-nan%"
"SRR22753426","HCMV","0","-nan%"
"SRR22753426","HHV6B","0","-nan%"
"SRR22753426","HHV7","0","-nan%"
"SRR22753426","HSV1_KOS","1","3.90%"
"SRR22753426","HSV2_StrainG","0","-nan%"
"SRR22753426","KSHV","3","5.48%"
"SRR22753426","VZV_Ellen","0","-nan%"
"SRR22753427","combined_herpes_viruses","0","-nan%"
"SRR22753427","EBV","0","-nan%"
"SRR22753427","HCMV","0","-nan%"
"SRR22753427","HHV6B","2","5.66%"
"SRR22753427","HHV7","0","-nan%"
"SRR22753427","HSV1_KOS","2","3.42%"
"SRR22753427","HSV2_StrainG","2","8.86%"
"SRR22753427","KSHV","1","10.39%"
"SRR22753427","VZV_Ellen","0","-nan%"
"SRR22753428","combined_herpes_viruses","0","-nan%"
"SRR22753428","EBV","0","-nan%"
"SRR22753428","HCMV","0","-nan%"
"SRR22753428","HHV6B","0","-nan%"
"SRR22753428","HHV7","0","-nan%"
"SRR22753428","HSV1_KOS","2","3.60%"
"SRR22753428","HSV2_StrainG","0","-nan%"
"SRR22753428","KSHV","2","8.50%"
"SRR22753428","VZV_Ellen","0","-nan%"
"SRR22753429","combined_herpes_viruses","0","-nan%"
"SRR22753429","EBV","0","-nan%"
"SRR22753429","HCMV","0","-nan%"
"SRR22753429","HHV6B","1","9.76%"
"SRR22753429","HHV7","0","-nan%"
"SRR22753429","HSV1_KOS","2","7.04%"
"SRR22753429","HSV2_StrainG","1","8.64%"
"SRR22753429","KSHV","0","-nan%"
"SRR22753429","VZV_Ellen","0","-nan%"
"SRR22753430","combined_herpes_viruses","0","-nan%"
"SRR22753430","EBV","0","-nan%"
"SRR22753430","HCMV","0","-nan%"
"SRR22753430","HHV6B","0","-nan%"
"SRR22753430","HHV7","0","-nan%"
"SRR22753430","HSV1_KOS","3","2.96%"
"SRR22753430","HSV2_StrainG","1","5.26%"
"SRR22753430","KSHV","2","9.93%"
"SRR22753430","VZV_Ellen","0","-nan%"
"SRR22753431","combined_herpes_viruses","0","-nan%"
"SRR22753431","EBV","0","-nan%"
"SRR22753431","HCMV","0","-nan%"
"SRR22753431","HHV6B","0","-nan%"
"SRR22753431","HHV7","0","-nan%"
"SRR22753431","HSV1_KOS","1","1.41%"
"SRR22753431","HSV2_StrainG","0","-nan%"
"SRR22753431","KSHV","3","7.33%"
"SRR22753431","VZV_Ellen","0","-nan%"
"SRR22753432","combined_herpes_viruses","0","-nan%"
"SRR22753432","EBV","0","-nan%"
"SRR22753432","HCMV","0","-nan%"
"SRR22753432","HHV6B","0","-nan%"
"SRR22753432","HHV7","0","-nan%"
"SRR22753432","HSV1_KOS","3","4.09%"
"SRR22753432","HSV2_StrainG","0","-nan%"
"SRR22753432","KSHV","1","10.53%"
"SRR22753432","VZV_Ellen","0","-nan%"
"SRR22753433","combined_herpes_viruses","0","-nan%"
"SRR22753433","EBV","0","-nan%"
"SRR22753433","HCMV","0","-nan%"
"SRR22753433","HHV6B","0","-nan%"
"SRR22753433","HHV7","0","-nan%"
"SRR22753433","HSV1_KOS","2","2.14%"
"SRR22753433","HSV2_StrainG","1","9.59%"
"SRR22753433","KSHV","4","9.09%"
"SRR22753433","VZV_Ellen","0","-nan%"
"SRR22753434","combined_herpes_viruses","0","-nan%"
"SRR22753434","EBV","0","-nan%"
"SRR22753434","HCMV","0","-nan%"
"SRR22753434","HHV6B","1","3.80%"
"SRR22753434","HHV7","0","-nan%"
"SRR22753434","HSV1_KOS","2","3.92%"
"SRR22753434","HSV2_StrainG","2","7.65%"
"SRR22753434","KSHV","4","8.18%"
"SRR22753434","VZV_Ellen","0","-nan%"
"SRR22753435","combined_herpes_viruses","0","-nan%"
"SRR22753435","EBV","0","-nan%"
"SRR22753435","HCMV","0","-nan%"
"SRR22753435","HHV6B","1","5.63%"
"SRR22753435","HHV7","0","-nan%"
"SRR22753435","HSV1_KOS","1","10.39%"
"SRR22753435","HSV2_StrainG","0","-nan%"
"SRR22753435","KSHV","1","7.59%"
"SRR22753435","VZV_Ellen","0","-nan%"
"SRR22753436","combined_herpes_viruses","0","-nan%"
"SRR22753436","EBV","0","-nan%"
"SRR22753436","HCMV","0","-nan%"
"SRR22753436","HHV6B","0","-nan%"
"SRR22753436","HHV7","0","-nan%"
"SRR22753436","HSV1_KOS","1","2.74%"
"SRR22753436","HSV2_StrainG","0","-nan%"
"SRR22753436","KSHV","1","7.89%"
"SRR22753436","VZV_Ellen","1","5.71%"
"SRR22753437","combined_herpes_viruses","0","-nan%"
"SRR22753437","EBV","0","-nan%"
"SRR22753437","HCMV","0","-nan%"
"SRR22753437","HHV6B","0","-nan%"
"SRR22753437","HHV7","0","-nan%"
"SRR22753437","HSV1_KOS","0","-nan%"
"SRR22753437","HSV2_StrainG","0","-nan%"
"SRR22753437","KSHV","0","-nan%"
"SRR22753437","VZV_Ellen","0","-nan%"
"SRR22753438","combined_herpes_viruses","0","-nan%"
"SRR22753438","EBV","0","-nan%"
"SRR22753438","HCMV","0","-nan%"
"SRR22753438","HHV6B","0","-nan%"
"SRR22753438","HHV7","0","-nan%"
"SRR22753438","HSV1_KOS","4","1.69%"
"SRR22753438","HSV2_StrainG","0","-nan%"
"SRR22753438","KSHV","1","1.33%"
"SRR22753438","VZV_Ellen","0","-nan%"
"SRR22753439","combined_herpes_viruses","0","-nan%"
"SRR22753439","EBV","0","-nan%"
"SRR22753439","HCMV","0","-nan%"
"SRR22753439","HHV6B","0","-nan%"
"SRR22753439","HHV7","0","-nan%"
"SRR22753439","HSV1_KOS","4","3.21%"
"SRR22753439","HSV2_StrainG","3","7.63%"
"SRR22753439","KSHV","3","9.44%"
"SRR22753439","VZV_Ellen","0","-nan%"
"SRR22753440","combined_herpes_viruses","0","-nan%"
"SRR22753440","EBV","0","-nan%"
"SRR22753440","HCMV","0","-nan%"
"SRR22753440","HHV6B","0","-nan%"
"SRR22753440","HHV7","0","-nan%"
"SRR22753440","HSV1_KOS","4","3.25%"
"SRR22753440","HSV2_StrainG","1","10.53%"
"SRR22753440","KSHV","2","8.00%"
"SRR22753440","VZV_Ellen","0","-nan%"
"SRR22753441","combined_herpes_viruses","0","-nan%"
"SRR22753441","EBV","0","-nan%"
"SRR22753441","HCMV","0","-nan%"
"SRR22753441","HHV6B","0","-nan%"
"SRR22753441","HHV7","0","-nan%"
"SRR22753441","HSV1_KOS","3","7.02%"
"SRR22753441","HSV2_StrainG","2","5.70%"
"SRR22753441","KSHV","4","5.35%"
"SRR22753441","VZV_Ellen","0","-nan%"
"SRR22753442","combined_herpes_viruses","0","-nan%"
"SRR22753442","EBV","0","-nan%"
"SRR22753442","HCMV","0","-nan%"
"SRR22753442","HHV6B","0","-nan%"
"SRR22753442","HHV7","0","-nan%"
"SRR22753442","HSV1_KOS","9","5.47%"
"SRR22753442","HSV2_StrainG","3","9.69%"
"SRR22753442","KSHV","4","7.10%"
"SRR22753442","VZV_Ellen","0","-nan%"
"SRR22753443","combined_herpes_viruses","0","-nan%"
"SRR22753443","EBV","0","-nan%"
"SRR22753443","HCMV","0","-nan%"
"SRR22753443","HHV6B","0","-nan%"
"SRR22753443","HHV7","0","-nan%"
"SRR22753443","HSV1_KOS","2","4.73%"
"SRR22753443","HSV2_StrainG","0","-nan%"
"SRR22753443","KSHV","1","8.33%"
"SRR22753443","VZV_Ellen","0","-nan%"
"SRR22753444","combined_herpes_viruses","0","-nan%"
"SRR22753444","EBV","0","-nan%"
"SRR22753444","HCMV","0","-nan%"
"SRR22753444","HHV6B","0","-nan%"
"SRR22753444","HHV7","0","-nan%"
"SRR22753444","HSV1_KOS","1","6.94%"
"SRR22753444","HSV2_StrainG","0","-nan%"
"SRR22753444","KSHV","0","-nan%"
"SRR22753444","VZV_Ellen","0","-nan%"
"SRR22753445","combined_herpes_viruses","0","-nan%"
"SRR22753445","EBV","0","-nan%"
"SRR22753445","HCMV","0","-nan%"
"SRR22753445","HHV6B","0","-nan%"
"SRR22753445","HHV7","0","-nan%"
"SRR22753445","HSV1_KOS","0","-nan%"
"SRR22753445","HSV2_StrainG","0","-nan%"
"SRR22753445","KSHV","0","-nan%"
"SRR22753445","VZV_Ellen","0","-nan%"
"SRR22753446","combined_herpes_viruses","0","-nan%"
"SRR22753446","EBV","0","-nan%"
"SRR22753446","HCMV","0","-nan%"
"SRR22753446","HHV6B","0","-nan%"
"SRR22753446","HHV7","0","-nan%"
"SRR22753446","HSV1_KOS","1","7.89%"
"SRR22753446","HSV2_StrainG","2","9.93%"
"SRR22753446","KSHV","0","-nan%"
"SRR22753446","VZV_Ellen","0","-nan%"
"SRR22753447","combined_herpes_viruses","0","-nan%"
"SRR22753447","EBV","0","-nan%"
"SRR22753447","HCMV","0","-nan%"
"SRR22753447","HHV6B","0","-nan%"
"SRR22753447","HHV7","0","-nan%"
"SRR22753447","HSV1_KOS","3","8.37%"
"SRR22753447","HSV2_StrainG","3","5.36%"
"SRR22753447","KSHV","2","8.11%"
"SRR22753447","VZV_Ellen","0","-nan%"
"SRR22753448","combined_herpes_viruses","0","-nan%"
"SRR22753448","EBV","0","-nan%"
"SRR22753448","HCMV","0","-nan%"
"SRR22753448","HHV6B","0","-nan%"
"SRR22753448","HHV7","0","-nan%"
"SRR22753448","HSV1_KOS","2","5.59%"
"SRR22753448","HSV2_StrainG","0","-nan%"
"SRR22753448","KSHV","2","7.36%"
"SRR22753448","VZV_Ellen","0","-nan%"
"SRR22753449","combined_herpes_viruses","0","-nan%"
"SRR22753449","EBV","0","-nan%"
"SRR22753449","HCMV","0","-nan%"
"SRR22753449","HHV6B","0","-nan%"
"SRR22753449","HHV7","0","-nan%"
"SRR22753449","HSV1_KOS","1","7.14%"
"SRR22753449","HSV2_StrainG","0","-nan%"
"SRR22753449","KSHV","5","5.25%"
"SRR22753449","VZV_Ellen","0","-nan%"
"SRR22753450","combined_herpes_viruses","0","-nan%"
"SRR22753450","EBV","0","-nan%"
"SRR22753450","HCMV","1","10.53%"
"SRR22753450","HHV6B","0","-nan%"
"SRR22753450","HHV7","0","-nan%"
"SRR22753450","HSV1_KOS","0","-nan%"
"SRR22753450","HSV2_StrainG","1","9.52%"
"SRR22753450","KSHV","4","8.11%"
"SRR22753450","VZV_Ellen","0","-nan%"
"SRR22753451","combined_herpes_viruses","0","-nan%"
"SRR22753451","EBV","0","-nan%"
"SRR22753451","HCMV","0","-nan%"
"SRR22753451","HHV6B","0","-nan%"
"SRR22753451","HHV7","0","-nan%"
"SRR22753451","HSV1_KOS","2","3.14%"
"SRR22753451","HSV2_StrainG","1","8.43%"
"SRR22753451","KSHV","4","8.39%"
"SRR22753451","VZV_Ellen","0","-nan%"
"SRR22753452","combined_herpes_viruses","0","-nan%"
"SRR22753452","EBV","0","-nan%"
"SRR22753452","HCMV","1","7.04%"
"SRR22753452","HHV6B","1","6.06%"
"SRR22753452","HHV7","0","-nan%"
"SRR22753452","HSV1_KOS","3","6.57%"
"SRR22753452","HSV2_StrainG","3","7.62%"
"SRR22753452","KSHV","2","6.16%"
"SRR22753452","VZV_Ellen","0","-nan%"
"SRR22753453","combined_herpes_viruses","0","-nan%"
"SRR22753453","EBV","0","-nan%"
"SRR22753453","HCMV","0","-nan%"
"SRR22753453","HHV6B","0","-nan%"
"SRR22753453","HHV7","0","-nan%"
"SRR22753453","HSV1_KOS","1","4.00%"
"SRR22753453","HSV2_StrainG","1","9.41%"
"SRR22753453","KSHV","6","5.88%"
"SRR22753453","VZV_Ellen","0","-nan%"
"SRR22753454","combined_herpes_viruses","0","-nan%"
"SRR22753454","EBV","0","-nan%"
"SRR22753454","HCMV","0","-nan%"
"SRR22753454","HHV6B","0","-nan%"
"SRR22753454","HHV7","0","-nan%"
"SRR22753454","HSV1_KOS","1","7.06%"
"SRR22753454","HSV2_StrainG","2","9.21%"
"SRR22753454","KSHV","6","8.35%"
"SRR22753454","VZV_Ellen","0","-nan%"
"SRR22753455","combined_herpes_viruses","0","-nan%"
"SRR22753455","EBV","0","-nan%"
"SRR22753455","HCMV","0","-nan%"
"SRR22753455","HHV6B","0","-nan%"
"SRR22753455","HHV7","0","-nan%"
"SRR22753455","HSV1_KOS","4","5.36%"
"SRR22753455","HSV2_StrainG","6","6.77%"
"SRR22753455","KSHV","12","7.24%"
"SRR22753455","VZV_Ellen","0","-nan%"
"SRR22753456","combined_herpes_viruses","0","-nan%"
"SRR22753456","EBV","0","-nan%"
"SRR22753456","HCMV","0","-nan%"
"SRR22753456","HHV6B","1","5.13%"
"SRR22753456","HHV7","0","-nan%"
"SRR22753456","HSV1_KOS","41","3.55%"
"SRR22753456","HSV2_StrainG","2","7.38%"
"SRR22753456","KSHV","5","7.11%"
"SRR22753456","VZV_Ellen","0","-nan%"
"SRR22753457","combined_herpes_viruses","0","-nan%"
"SRR22753457","EBV","0","-nan%"
"SRR22753457","HCMV","0","-nan%"
"SRR22753457","HHV6B","1","7.89%"
"SRR22753457","HHV7","0","-nan%"
"SRR22753457","HSV1_KOS","23","3.71%"
"SRR22753457","HSV2_StrainG","1","10.67%"
"SRR22753457","KSHV","1","8.57%"
"SRR22753457","VZV_Ellen","0","-nan%"
"SRR22753458","combined_herpes_viruses","0","-nan%"
"SRR22753458","EBV","1","7.41%"
"SRR22753458","HCMV","0","-nan%"
"SRR22753458","HHV6B","1","10.00%"
"SRR22753458","HHV7","0","-nan%"
"SRR22753458","HSV1_KOS","6","3.48%"
"SRR22753458","HSV2_StrainG","1","7.50%"
"SRR22753458","KSHV","5","9.04%"
"SRR22753458","VZV_Ellen","0","-nan%"
"SRR22753459","combined_herpes_viruses","0","-nan%"
"SRR22753459","EBV","0","-nan%"
"SRR22753459","HCMV","0","-nan%"
"SRR22753459","HHV6B","2","7.95%"
"SRR22753459","HHV7","0","-nan%"
"SRR22753459","HSV1_KOS","18","5.45%"
"SRR22753459","HSV2_StrainG","2","7.01%"
"SRR22753459","KSHV","1","5.56%"
"SRR22753459","VZV_Ellen","0","-nan%"
"SRR22753460","combined_herpes_viruses","0","-nan%"
"SRR22753460","EBV","0","-nan%"
"SRR22753460","HCMV","1","0.00%"
"SRR22753460","HHV6B","2","8.72%"
"SRR22753460","HHV7","0","-nan%"
"SRR22753460","HSV1_KOS","28","4.79%"
"SRR22753460","HSV2_StrainG","1","9.09%"
"SRR22753460","KSHV","1","8.97%"
"SRR22753460","VZV_Ellen","0","-nan%"
"SRR22753461","combined_herpes_viruses","0","-nan%"
"SRR22753461","EBV","0","-nan%"
"SRR22753461","HCMV","0","-nan%"
"SRR22753461","HHV6B","0","-nan%"
"SRR22753461","HHV7","1","3.85%"
"SRR22753461","HSV1_KOS","16","5.19%"
"SRR22753461","HSV2_StrainG","2","7.84%"
"SRR22753461","KSHV","3","5.97%"
"SRR22753461","VZV_Ellen","0","-nan%"
"SRR22753462","combined_herpes_viruses","0","-nan%"
"SRR22753462","EBV","0","-nan%"
"SRR22753462","HCMV","0","-nan%"
"SRR22753462","HHV6B","1","9.46%"
"SRR22753462","HHV7","0","-nan%"
"SRR22753462","HSV1_KOS","16","5.13%"
"SRR22753462","HSV2_StrainG","0","-nan%"
"SRR22753462","KSHV","8","7.57%"
"SRR22753462","VZV_Ellen","0","-nan%"
"SRR22753463","combined_herpes_viruses","0","-nan%"
"SRR22753463","EBV","5","1.61%"
"SRR22753463","HCMV","3","10.00%"
"SRR22753463","HHV6B","0","-nan%"
"SRR22753463","HHV7","0","-nan%"
"SRR22753463","HSV1_KOS","9","3.76%"
"SRR22753463","HSV2_StrainG","0","-nan%"
"SRR22753463","KSHV","1","1.35%"
"SRR22753463","VZV_Ellen","1","0.00%"
"SRR22753464","combined_herpes_viruses","0","-nan%"
"SRR22753464","EBV","0","-nan%"
"SRR22753464","HCMV","0","-nan%"
"SRR22753464","HHV6B","0","-nan%"
"SRR22753464","HHV7","0","-nan%"
"SRR22753464","HSV1_KOS","14","4.38%"
"SRR22753464","HSV2_StrainG","0","-nan%"
"SRR22753464","KSHV","0","-nan%"
"SRR22753464","VZV_Ellen","0","-nan%"
"SRR22753465","combined_herpes_viruses","0","-nan%"
"SRR22753465","EBV","0","-nan%"
"SRR22753465","HCMV","0","-nan%"
"SRR22753465","HHV6B","0","-nan%"
"SRR22753465","HHV7","0","-nan%"
"SRR22753465","HSV1_KOS","63","4.05%"
"SRR22753465","HSV2_StrainG","3","7.08%"
"SRR22753465","KSHV","1","6.10%"
"SRR22753465","VZV_Ellen","0","-nan%"
"SRR22753466","combined_herpes_viruses","0","-nan%"
"SRR22753466","EBV","0","-nan%"
"SRR22753466","HCMV","0","-nan%"
"SRR22753466","HHV6B","1","8.54%"
"SRR22753466","HHV7","0","-nan%"
"SRR22753466","HSV1_KOS","21","3.88%"
"SRR22753466","HSV2_StrainG","2","8.96%"
"SRR22753466","KSHV","3","4.19%"
"SRR22753466","VZV_Ellen","0","-nan%"
"SRR22753467","combined_herpes_viruses","0","-nan%"
"SRR22753467","EBV","4","0.59%"
"SRR22753467","HCMV","0","-nan%"
"SRR22753467","HHV6B","0","-nan%"
"SRR22753467","HHV7","0","-nan%"
"SRR22753467","HSV1_KOS","0","-nan%"
"SRR22753467","HSV2_StrainG","3","6.99%"
"SRR22753467","KSHV","1","1.43%"
"SRR22753467","VZV_Ellen","0","-nan%"
"SRR22753468","combined_herpes_viruses","0","-nan%"
"SRR22753468","EBV","6","0.20%"
"SRR22753468","HCMV","0","-nan%"
"SRR22753468","HHV6B","1","5.33%"
"SRR22753468","HHV7","0","-nan%"
"SRR22753468","HSV1_KOS","37","4.31%"
"SRR22753468","HSV2_StrainG","0","-nan%"
"SRR22753468","KSHV","1","8.43%"
"SRR22753468","VZV_Ellen","0","-nan%"
"SRR22753469","combined_herpes_viruses","0","-nan%"
"SRR22753469","EBV","0","-nan%"
"SRR22753469","HCMV","0","-nan%"
"SRR22753469","HHV6B","0","-nan%"
"SRR22753469","HHV7","0","-nan%"
"SRR22753469","HSV1_KOS","7","3.75%"
"SRR22753469","HSV2_StrainG","0","-nan%"
"SRR22753469","KSHV","0","-nan%"
"SRR22753469","VZV_Ellen","0","-nan%"
"SRR22753470","combined_herpes_viruses","0","-nan%"
"SRR22753470","EBV","0","-nan%"
"SRR22753470","HCMV","0","-nan%"
"SRR22753470","HHV6B","0","-nan%"
"SRR22753470","HHV7","0","-nan%"
"SRR22753470","HSV1_KOS","27","4.11%"
"SRR22753470","HSV2_StrainG","1","7.35%"
"SRR22753470","KSHV","1","5.19%"
"SRR22753470","VZV_Ellen","0","-nan%"
"SRR22753471","combined_herpes_viruses","0","-nan%"
"SRR22753471","EBV","0","-nan%"
"SRR22753471","HCMV","0","-nan%"
"SRR22753471","HHV6B","1","6.10%"
"SRR22753471","HHV7","0","-nan%"
"SRR22753471","HSV1_KOS","3","5.61%"
"SRR22753471","HSV2_StrainG","1","10.39%"
"SRR22753471","KSHV","1","9.09%"
"SRR22753471","VZV_Ellen","0","-nan%"
"SRR22753472","combined_herpes_viruses","0","-nan%"
"SRR22753472","EBV","0","-nan%"
"SRR22753472","HCMV","0","-nan%"
"SRR22753472","HHV6B","0","-nan%"
"SRR22753472","HHV7","1","5.88%"
"SRR22753472","HSV1_KOS","41","3.76%"
"SRR22753472","HSV2_StrainG","0","-nan%"
"SRR22753472","KSHV","2","5.52%"
"SRR22753472","VZV_Ellen","0","-nan%"
"SRR22753473","combined_herpes_viruses","0","-nan%"
"SRR22753473","EBV","0","-nan%"
"SRR22753473","HCMV","0","-nan%"
"SRR22753473","HHV6B","0","-nan%"
"SRR22753473","HHV7","7","0.81%"
"SRR22753473","HSV1_KOS","61","3.39%"
"SRR22753473","HSV2_StrainG","0","-nan%"
"SRR22753473","KSHV","3","2.78%"
"SRR22753473","VZV_Ellen","0","-nan%"
"SRR22753474","combined_herpes_viruses","0","-nan%"
"SRR22753474","EBV","0","-nan%"
"SRR22753474","HCMV","0","-nan%"
"SRR22753474","HHV6B","0","-nan%"
"SRR22753474","HHV7","0","-nan%"
"SRR22753474","HSV1_KOS","11","2.17%"
"SRR22753474","HSV2_StrainG","3","6.88%"
"SRR22753474","KSHV","3","7.83%"
"SRR22753474","VZV_Ellen","0","-nan%"
"SRR22753475","combined_herpes_viruses","0","-nan%"
"SRR22753475","EBV","0","-nan%"
"SRR22753475","HCMV","0","-nan%"
"SRR22753475","HHV6B","0","-nan%"
"SRR22753475","HHV7","0","-nan%"
"SRR22753475","HSV1_KOS","19","3.78%"
"SRR22753475","HSV2_StrainG","0","-nan%"
"SRR22753475","KSHV","1","8.86%"
"SRR22753475","VZV_Ellen","0","-nan%"
"SRR22753476","combined_herpes_viruses","0","-nan%"
"SRR22753476","EBV","0","-nan%"
"SRR22753476","HCMV","0","-nan%"
"SRR22753476","HHV6B","0","-nan%"
"SRR22753476","HHV7","0","-nan%"
"SRR22753476","HSV1_KOS","1","1.54%"
"SRR22753476","HSV2_StrainG","8","8.08%"
"SRR22753476","KSHV","14","9.09%"
"SRR22753476","VZV_Ellen","0","-nan%"
"SRR22753477","combined_herpes_viruses","0","-nan%"
"SRR22753477","EBV","0","-nan%"
"SRR22753477","HCMV","0","-nan%"
"SRR22753477","HHV6B","1","2.74%"
"SRR22753477","HHV7","0","-nan%"
"SRR22753477","HSV1_KOS","6","4.86%"
"SRR22753477","HSV2_StrainG","6","8.75%"
"SRR22753477","KSHV","9","7.97%"
"SRR22753477","VZV_Ellen","1","6.94%"
"SRR22753478","combined_herpes_viruses","0","-nan%"
"SRR22753478","EBV","0","-nan%"
"SRR22753478","HCMV","0","-nan%"
"SRR22753478","HHV6B","1","1.45%"
"SRR22753478","HHV7","0","-nan%"
"SRR22753478","HSV1_KOS","2","7.25%"
"SRR22753478","HSV2_StrainG","9","8.02%"
"SRR22753478","KSHV","22","8.60%"
"SRR22753478","VZV_Ellen","0","-nan%"
"SRR22753479","combined_herpes_viruses","0","-nan%"
"SRR22753479","EBV","0","-nan%"
"SRR22753479","HCMV","0","-nan%"
"SRR22753479","HHV6B","0","-nan%"
"SRR22753479","HHV7","0","-nan%"
"SRR22753479","HSV1_KOS","4","5.48%"
"SRR22753479","HSV2_StrainG","22","8.35%"
"SRR22753479","KSHV","25","8.59%"
"SRR22753479","VZV_Ellen","0","-nan%"
"SRR22753480","combined_herpes_viruses","0","-nan%"
"SRR22753480","EBV","0","-nan%"
"SRR22753480","HCMV","0","-nan%"
"SRR22753480","HHV6B","0","-nan%"
"SRR22753480","HHV7","0","-nan%"
"SRR22753480","HSV1_KOS","1","8.43%"
"SRR22753480","HSV2_StrainG","17","7.68%"
"SRR22753480","KSHV","24","8.58%"
"SRR22753480","VZV_Ellen","0","-nan%"
"SRR22753481","combined_herpes_viruses","0","-nan%"
"SRR22753481","EBV","0","-nan%"
"SRR22753481","HCMV","0","-nan%"
"SRR22753481","HHV6B","0","-nan%"
"SRR22753481","HHV7","0","-nan%"
"SRR22753481","HSV1_KOS","0","-nan%"
"SRR22753481","HSV2_StrainG","22","8.55%"
"SRR22753481","KSHV","35","7.96%"
"SRR22753481","VZV_Ellen","0","-nan%"
"SRR22753482","combined_herpes_viruses","0","-nan%"
"SRR22753482","EBV","0","-nan%"
"SRR22753482","HCMV","0","-nan%"
"SRR22753482","HHV6B","0","-nan%"
"SRR22753482","HHV7","0","-nan%"
"SRR22753482","HSV1_KOS","6","4.55%"
"SRR22753482","HSV2_StrainG","15","8.76%"
"SRR22753482","KSHV","27","8.25%"
"SRR22753482","VZV_Ellen","0","-nan%"
"SRR22753483","combined_herpes_viruses","0","-nan%"
"SRR22753483","EBV","1","10.81%"
"SRR22753483","HCMV","0","-nan%"
"SRR22753483","HHV6B","0","-nan%"
"SRR22753483","HHV7","0","-nan%"
"SRR22753483","HSV1_KOS","1","3.80%"
"SRR22753483","HSV2_StrainG","2","7.84%"
"SRR22753483","KSHV","5","8.29%"
"SRR22753483","VZV_Ellen","1","3.57%"
"SRR22753484","combined_herpes_viruses","0","-nan%"
"SRR22753484","EBV","0","-nan%"
"SRR22753484","HCMV","0","-nan%"
"SRR22753484","HHV6B","0","-nan%"
"SRR22753484","HHV7","0","-nan%"
"SRR22753484","HSV1_KOS","1","5.26%"
"SRR22753484","HSV2_StrainG","6","8.55%"
"SRR22753484","KSHV","6","6.68%"
"SRR22753484","VZV_Ellen","0","-nan%"
"SRR22753485","combined_herpes_viruses","0","-nan%"
"SRR22753485","EBV","0","-nan%"
"SRR22753485","HCMV","0","-nan%"
"SRR22753485","HHV6B","0","-nan%"
"SRR22753485","HHV7","0","-nan%"
"SRR22753485","HSV1_KOS","1","0.00%"
"SRR22753485","HSV2_StrainG","2","9.41%"
"SRR22753485","KSHV","5","8.42%"
"SRR22753485","VZV_Ellen","0","-nan%"
"SRR22753486","combined_herpes_viruses","0","-nan%"
"SRR22753486","EBV","0","-nan%"
"SRR22753486","HCMV","0","-nan%"
"SRR22753486","HHV6B","0","-nan%"
"SRR22753486","HHV7","0","-nan%"
"SRR22753486","HSV1_KOS","1","5.26%"
"SRR22753486","HSV2_StrainG","4","9.85%"
"SRR22753486","KSHV","3","7.95%"
"SRR22753486","VZV_Ellen","0","-nan%"
"SRR22753487","combined_herpes_viruses","0","-nan%"
"SRR22753487","EBV","0","-nan%"
"SRR22753487","HCMV","0","-nan%"
"SRR22753487","HHV6B","0","-nan%"
"SRR22753487","HHV7","0","-nan%"
"SRR22753487","HSV1_KOS","6","5.33%"
"SRR22753487","HSV2_StrainG","4","8.79%"
"SRR22753487","KSHV","15","8.75%"
"SRR22753487","VZV_Ellen","0","-nan%"
"SRR22753488","combined_herpes_viruses","0","-nan%"
"SRR22753488","EBV","0","-nan%"
"SRR22753488","HCMV","1","8.22%"
"SRR22753488","HHV6B","0","-nan%"
"SRR22753488","HHV7","0","-nan%"
"SRR22753488","HSV1_KOS","4","3.82%"
"SRR22753488","HSV2_StrainG","1","9.30%"
"SRR22753488","KSHV","7","8.09%"
"SRR22753488","VZV_Ellen","0","-nan%"
"SRR22753489","combined_herpes_viruses","0","-nan%"
"SRR22753489","EBV","0","-nan%"
"SRR22753489","HCMV","0","-nan%"
"SRR22753489","HHV6B","0","-nan%"
"SRR22753489","HHV7","0","-nan%"
"SRR22753489","HSV1_KOS","4","4.68%"
"SRR22753489","HSV2_StrainG","4","8.20%"
"SRR22753489","KSHV","12","7.42%"
"SRR22753489","VZV_Ellen","0","-nan%"
"SRR22753490","combined_herpes_viruses","0","-nan%"
"SRR22753490","EBV","0","-nan%"
"SRR22753490","HCMV","0","-nan%"
"SRR22753490","HHV6B","0","-nan%"
"SRR22753490","HHV7","0","-nan%"
"SRR22753490","HSV1_KOS","3","3.45%"
"SRR22753490","HSV2_StrainG","6","7.60%"
"SRR22753490","KSHV","10","7.41%"
"SRR22753490","VZV_Ellen","0","-nan%"
"SRR22753491","combined_herpes_viruses","0","-nan%"
"SRR22753491","EBV","1","6.06%"
"SRR22753491","HCMV","1","10.67%"
"SRR22753491","HHV6B","1","8.11%"
"SRR22753491","HHV7","0","-nan%"
"SRR22753491","HSV1_KOS","2","5.19%"
"SRR22753491","HSV2_StrainG","3","7.57%"
"SRR22753491","KSHV","9","8.53%"
"SRR22753491","VZV_Ellen","0","-nan%"
"SRR22753492","combined_herpes_viruses","0","-nan%"
"SRR22753492","EBV","0","-nan%"
"SRR22753492","HCMV","0","-nan%"
"SRR22753492","HHV6B","0","-nan%"
"SRR22753492","HHV7","0","-nan%"
"SRR22753492","HSV1_KOS","0","-nan%"
"SRR22753492","HSV2_StrainG","1","3.57%"
"SRR22753492","KSHV","7","8.51%"
"SRR22753492","VZV_Ellen","0","-nan%"
"SRR22753493","combined_herpes_viruses","0","-nan%"
"SRR22753493","EBV","0","-nan%"
"SRR22753493","HCMV","0","-nan%"
"SRR22753493","HHV6B","0","-nan%"
"SRR22753493","HHV7","0","-nan%"
"SRR22753493","HSV1_KOS","2","4.08%"
"SRR22753493","HSV2_StrainG","2","5.19%"
"SRR22753493","KSHV","11","8.02%"
"SRR22753493","VZV_Ellen","0","-nan%"
"SRR22753494","combined_herpes_viruses","0","-nan%"
"SRR22753494","EBV","0","-nan%"
"SRR22753494","HCMV","1","10.00%"
"SRR22753494","HHV6B","0","-nan%"
"SRR22753494","HHV7","0","-nan%"
"SRR22753494","HSV1_KOS","1","4.48%"
"SRR22753494","HSV2_StrainG","1","9.41%"
"SRR22753494","KSHV","4","8.44%"
"SRR22753494","VZV_Ellen","0","-nan%"
"SRR22753495","combined_herpes_viruses","0","-nan%"
"SRR22753495","EBV","0","-nan%"
"SRR22753495","HCMV","0","-nan%"
"SRR22753495","HHV6B","0","-nan%"
"SRR22753495","HHV7","0","-nan%"
"SRR22753495","HSV1_KOS","0","-nan%"
"SRR22753495","HSV2_StrainG","6","7.76%"
"SRR22753495","KSHV","14","8.84%"
"SRR22753495","VZV_Ellen","0","-nan%"
"SRR22753496","combined_herpes_viruses","0","-nan%"
"SRR22753496","EBV","0","-nan%"
"SRR22753496","HCMV","1","7.04%"
"SRR22753496","HHV6B","0","-nan%"
"SRR22753496","HHV7","0","-nan%"
"SRR22753496","HSV1_KOS","0","-nan%"
"SRR22753496","HSV2_StrainG","3","8.06%"
"SRR22753496","KSHV","12","9.13%"
"SRR22753496","VZV_Ellen","0","-nan%"
"SRR22753497","combined_herpes_viruses","0","-nan%"
"SRR22753497","EBV","0","-nan%"
"SRR22753497","HCMV","0","-nan%"
"SRR22753497","HHV6B","0","-nan%"
"SRR22753497","HHV7","0","-nan%"
"SRR22753497","HSV1_KOS","1","7.69%"
"SRR22753497","HSV2_StrainG","4","7.69%"
"SRR22753497","KSHV","6","7.53%"
"SRR22753497","VZV_Ellen","0","-nan%"
"SRR22753498","combined_herpes_viruses","0","-nan%"
"SRR22753498","EBV","0","-nan%"
"SRR22753498","HCMV","0","-nan%"
"SRR22753498","HHV6B","0","-nan%"
"SRR22753498","HHV7","0","-nan%"
"SRR22753498","HSV1_KOS","0","-nan%"
"SRR22753498","HSV2_StrainG","3","7.66%"
"SRR22753498","KSHV","7","8.04%"
"SRR22753498","VZV_Ellen","0","-nan%"
"SRR22753499","combined_herpes_viruses","0","-nan%"
"SRR22753499","EBV","0","-nan%"
"SRR22753499","HCMV","0","-nan%"
"SRR22753499","HHV6B","0","-nan%"
"SRR22753499","HHV7","0","-nan%"
"SRR22753499","HSV1_KOS","5","7.09%"
"SRR22753499","HSV2_StrainG","3","9.24%"
"SRR22753499","KSHV","3","9.05%"
"SRR22753499","VZV_Ellen","0","-nan%"
"SRR22753500","EBV","0","-nan%"
"SRR22753500","HCMV","0","-nan%"
"SRR22753500","HHV6B","1","10.53%"
"SRR22753500","HHV7","0","-nan%"
"SRR22753500","HSV1_KOS","3","0.93%"
"SRR22753500","HSV2_StrainG","3","8.00%"
"SRR22753500","KSHV","8","8.39%"
"SRR22753500","VZV_Ellen","0","-nan%"
"SRR22753501","combined_herpes_viruses","0","-nan%"
"SRR22753501","EBV","0","-nan%"
"SRR22753501","HCMV","0","-nan%"
"SRR22753501","HHV6B","0","-nan%"
"SRR22753501","HHV7","0","-nan%"
"SRR22753501","HSV1_KOS","2","0.00%"
"SRR22753501","HSV2_StrainG","3","9.09%"
"SRR22753501","KSHV","8","7.87%"
"SRR22753501","VZV_Ellen","0","-nan%"
"SRR22753502","EBV","0","-nan%"
"SRR22753502","HCMV","0","-nan%"
"SRR22753502","HHV6B","0","-nan%"
"SRR22753502","HHV7","1","10.53%"
"SRR22753502","HSV1_KOS","4","4.75%"
"SRR22753502","HSV2_StrainG","0","-nan%"
"SRR22753502","KSHV","6","7.05%"
"SRR22753502","VZV_Ellen","0","-nan%"
"SRR22753503","combined_herpes_viruses","0","-nan%"
"SRR22753503","EBV","0","-nan%"
"SRR22753503","HCMV","0","-nan%"
"SRR22753503","HHV6B","0","-nan%"
"SRR22753503","HHV7","0","-nan%"
"SRR22753503","HSV1_KOS","0","-nan%"
"SRR22753503","HSV2_StrainG","1","9.52%"
"SRR22753503","KSHV","0","-nan%"
"SRR22753503","VZV_Ellen","0","-nan%"
"SRR22753504","combined_herpes_viruses","0","-nan%"
"SRR22753504","EBV","0","-nan%"
"SRR22753504","HCMV","0","-nan%"
"SRR22753504","HHV6B","0","-nan%"
"SRR22753504","HHV7","0","-nan%"
"SRR22753504","HSV1_KOS","0","-nan%"
"SRR22753504","HSV2_StrainG","0","-nan%"
"SRR22753504","KSHV","5","6.27%"
"SRR22753504","VZV_Ellen","0","-nan%"
"SRR22753505","combined_herpes_viruses","0","-nan%"
"SRR22753505","EBV","0","-nan%"
"SRR22753505","HCMV","0","-nan%"
"SRR22753505","HHV6B","0","-nan%"
"SRR22753505","HHV7","0","-nan%"
"SRR22753505","HSV1_KOS","1","7.14%"
"SRR22753505","HSV2_StrainG","3","8.05%"
"SRR22753505","KSHV","1","2.78%"
"SRR22753505","VZV_Ellen","0","-nan%"
"SRR22753506","combined_herpes_viruses","0","-nan%"
"SRR22753506","EBV","0","-nan%"
"SRR22753506","HCMV","0","-nan%"
"SRR22753506","HHV6B","0","-nan%"
"SRR22753506","HHV7","0","-nan%"
"SRR22753506","HSV1_KOS","3","5.21%"
"SRR22753506","HSV2_StrainG","3","8.55%"
"SRR22753506","KSHV","5","6.87%"
"SRR22753506","VZV_Ellen","0","-nan%"
"SRR22753507","combined_herpes_viruses","0","-nan%"
"SRR22753507","EBV","0","-nan%"
"SRR22753507","HCMV","0","-nan%"
"SRR22753507","HHV6B","0","-nan%"
"SRR22753507","HHV7","0","-nan%"
"SRR22753507","HSV1_KOS","0","-nan%"
"SRR22753507","HSV2_StrainG","1","9.30%"
"SRR22753507","KSHV","3","6.93%"
"SRR22753507","VZV_Ellen","0","-nan%"
"SRR22753508","combined_herpes_viruses","0","-nan%"
"SRR22753508","EBV","0","-nan%"
"SRR22753508","HCMV","0","-nan%"
"SRR22753508","HHV6B","0","-nan%"
"SRR22753508","HHV7","0","-nan%"
"SRR22753508","HSV1_KOS","1","1.45%"
"SRR22753508","HSV2_StrainG","0","-nan%"
"SRR22753508","KSHV","3","7.02%"
"SRR22753508","VZV_Ellen","0","-nan%"
"SRR22753509","combined_herpes_viruses","0","-nan%"
"SRR22753509","EBV","0","-nan%"
"SRR22753509","HCMV","1","0.00%"
"SRR22753509","HHV6B","0","-nan%"
"SRR22753509","HHV7","1","3.12%"
"SRR22753509","HSV1_KOS","45","3.52%"
"SRR22753509","HSV2_StrainG","0","-nan%"
"SRR22753509","KSHV","0","-nan%"
"SRR22753509","VZV_Ellen","0","-nan%"
"SRR22753510","combined_herpes_viruses","0","-nan%"
"SRR22753510","EBV","0","-nan%"
"SRR22753510","HCMV","0","-nan%"
"SRR22753510","HHV6B","0","-nan%"
"SRR22753510","HHV7","0","-nan%"
"SRR22753510","HSV1_KOS","0","-nan%"
"SRR22753510","HSV2_StrainG","1","9.41%"
"SRR22753510","KSHV","1","4.05%"
"SRR22753510","VZV_Ellen","0","-nan%"
"SRR22753511","combined_herpes_viruses","0","-nan%"
"SRR22753511","EBV","0","-nan%"
"SRR22753511","HCMV","0","-nan%"
"SRR22753511","HHV6B","0","-nan%"
"SRR22753511","HHV7","0","-nan%"
"SRR22753511","HSV1_KOS","0","-nan%"
"SRR22753511","HSV2_StrainG","1","9.41%"
"SRR22753511","KSHV","5","7.55%"
"SRR22753511","VZV_Ellen","0","-nan%"
"SRR22753512","combined_herpes_viruses","0","-nan%"
"SRR22753512","EBV","0","-nan%"
"SRR22753512","HCMV","0","-nan%"
"SRR22753512","HHV6B","0","-nan%"
"SRR22753512","HHV7","0","-nan%"
"SRR22753512","HSV1_KOS","4","3.72%"
"SRR22753512","HSV2_StrainG","1","9.21%"
"SRR22753512","KSHV","0","-nan%"
"SRR22753512","VZV_Ellen","0","-nan%"
"SRR22753513","combined_herpes_viruses","0","-nan%"
"SRR22753513","EBV","0","-nan%"
"SRR22753513","HCMV","0","-nan%"
"SRR22753513","HHV6B","1","7.41%"
"SRR22753513","HHV7","0","-nan%"
"SRR22753513","HSV1_KOS","1","6.15%"
"SRR22753513","HSV2_StrainG","0","-nan%"
"SRR22753513","KSHV","1","5.88%"
"SRR22753513","VZV_Ellen","0","-nan%"
"SRR22753514","combined_herpes_viruses","0","-nan%"
"SRR22753514","EBV","0","-nan%"
"SRR22753514","HCMV","0","-nan%"
"SRR22753514","HHV6B","0","-nan%"
"SRR22753514","HHV7","0","-nan%"
"SRR22753514","HSV1_KOS","0","-nan%"
"SRR22753514","HSV2_StrainG","1","9.46%"
"SRR22753514","KSHV","2","8.23%"
"SRR22753514","VZV_Ellen","0","-nan%"
"SRR22753515","combined_herpes_viruses","0","-nan%"
"SRR22753515","EBV","0","-nan%"
"SRR22753515","HCMV","0","-nan%"
"SRR22753515","HHV6B","0","-nan%"
"SRR22753515","HHV7","0","-nan%"
"SRR22753515","HSV1_KOS","0","-nan%"
"SRR22753515","HSV2_StrainG","1","6.98%"
"SRR22753515","KSHV","3","8.60%"
"SRR22753515","VZV_Ellen","0","-nan%"
"SRR22753516","combined_herpes_viruses","0","-nan%"
"SRR22753516","EBV","0","-nan%"
"SRR22753516","HCMV","0","-nan%"
"SRR22753516","HHV6B","0","-nan%"
"SRR22753516","HHV7","0","-nan%"
"SRR22753516","HSV1_KOS","0","-nan%"
"SRR22753516","HSV2_StrainG","0","-nan%"
"SRR22753516","KSHV","1","3.80%"
"SRR22753516","VZV_Ellen","0","-nan%"
"SRR22753517","combined_herpes_viruses","0","-nan%"
"SRR22753517","EBV","0","-nan%"
"SRR22753517","HCMV","0","-nan%"
"SRR22753517","HHV6B","0","-nan%"
"SRR22753517","HHV7","0","-nan%"
"SRR22753517","HSV1_KOS","1","0.00%"
"SRR22753517","HSV2_StrainG","0","-nan%"
"SRR22753517","KSHV","2","9.49%"
"SRR22753517","VZV_Ellen","0","-nan%"
"SRR22753518","combined_herpes_viruses","0","-nan%"
"SRR22753518","EBV","0","-nan%"
"SRR22753518","HCMV","0","-nan%"
"SRR22753518","HHV6B","0","-nan%"
"SRR22753518","HHV7","0","-nan%"
"SRR22753518","HSV1_KOS","1","4.55%"
"SRR22753518","HSV2_StrainG","2","9.87%"
"SRR22753518","KSHV","2","5.26%"
"SRR22753518","VZV_Ellen","0","-nan%"
"SRR22753519","combined_herpes_viruses","0","-nan%"
"SRR22753519","EBV","0","-nan%"
"SRR22753519","HCMV","0","-nan%"
"SRR22753519","HHV6B","0","-nan%"
"SRR22753519","HHV7","0","-nan%"
"SRR22753519","HSV1_KOS","0","-nan%"
"SRR22753519","HSV2_StrainG","3","8.13%"
"SRR22753519","KSHV","3","7.17%"
"SRR22753519","VZV_Ellen","0","-nan%"
"SRR22753520","combined_herpes_viruses","0","-nan%"
"SRR22753520","EBV","0","-nan%"
"SRR22753520","HCMV","0","-nan%"
"SRR22753520","HHV6B","0","-nan%"
"SRR22753520","HHV7","0","-nan%"
"SRR22753520","HSV1_KOS","0","-nan%"
"SRR22753520","HSV2_StrainG","1","10.53%"
"SRR22753520","KSHV","5","6.32%"
"SRR22753520","VZV_Ellen","0","-nan%"
"SRR22753521","combined_herpes_viruses","0","-nan%"
"SRR22753521","EBV","0","-nan%"
"SRR22753521","HCMV","0","-nan%"
"SRR22753521","HHV6B","0","-nan%"
"SRR22753521","HHV7","0","-nan%"
"SRR22753521","HSV1_KOS","0","-nan%"
"SRR22753521","HSV2_StrainG","2","7.45%"
"SRR22753521","KSHV","7","7.10%"
"SRR22753521","VZV_Ellen","0","-nan%"
"SRR22753522","combined_herpes_viruses","0","-nan%"
"SRR22753522","EBV","0","-nan%"
"SRR22753522","HCMV","0","-nan%"
"SRR22753522","HHV6B","0","-nan%"
"SRR22753522","HHV7","0","-nan%"
"SRR22753522","HSV1_KOS","2","7.43%"
"SRR22753522","HSV2_StrainG","1","6.76%"
"SRR22753522","KSHV","4","6.10%"
"SRR22753522","VZV_Ellen","0","-nan%"
"SRR22753523","combined_herpes_viruses","0","-nan%"
"SRR22753523","EBV","0","-nan%"
"SRR22753523","HCMV","0","-nan%"
"SRR22753523","HHV6B","1","10.39%"
"SRR22753523","HHV7","0","-nan%"
"SRR22753523","HSV1_KOS","1","4.55%"
"SRR22753523","HSV2_StrainG","1","8.64%"
"SRR22753523","KSHV","6","9.35%"
"SRR22753523","VZV_Ellen","0","-nan%"
"SRR22753524","combined_herpes_viruses","0","-nan%"
"SRR22753524","EBV","0","-nan%"
"SRR22753524","HCMV","0","-nan%"
"SRR22753524","HHV6B","0","-nan%"
"SRR22753524","HHV7","0","-nan%"
"SRR22753524","HSV1_KOS","0","-nan%"
"SRR22753524","HSV2_StrainG","2","8.50%"
"SRR22753524","KSHV","4","7.21%"
"SRR22753524","VZV_Ellen","0","-nan%"
"SRR22753525","combined_herpes_viruses","0","-nan%"
"SRR22753525","EBV","0","-nan%"
"SRR22753525","HCMV","0","-nan%"
"SRR22753525","HHV6B","0","-nan%"
"SRR22753525","HHV7","0","-nan%"
"SRR22753525","HSV1_KOS","0","-nan%"
"SRR22753525","HSV2_StrainG","1","9.41%"
"SRR22753525","KSHV","8","8.16%"
"SRR22753525","VZV_Ellen","0","-nan%"
"SRR22753526","combined_herpes_viruses","0","-nan%"
"SRR22753526","EBV","0","-nan%"
"SRR22753526","HCMV","0","-nan%"
"SRR22753526","HHV6B","1","0.00%"
"SRR22753526","HHV7","0","-nan%"
"SRR22753526","HSV1_KOS","1","7.79%"
"SRR22753526","HSV2_StrainG","3","3.57%"
"SRR22753526","KSHV","3","8.55%"
"SRR22753526","VZV_Ellen","0","-nan%"
"SRR22753527","combined_herpes_viruses","0","-nan%"
"SRR22753527","EBV","0","-nan%"
"SRR22753527","HCMV","0","-nan%"
"SRR22753527","HHV6B","0","-nan%"
"SRR22753527","HHV7","0","-nan%"
"SRR22753527","HSV1_KOS","0","-nan%"
"SRR22753527","HSV2_StrainG","2","6.33%"
"SRR22753527","KSHV","5","6.82%"
"SRR22753527","VZV_Ellen","0","-nan%"
"SRR22753528","combined_herpes_viruses","0","-nan%"
"SRR22753528","EBV","0","-nan%"
"SRR22753528","HCMV","0","-nan%"
"SRR22753528","HHV6B","0","-nan%"
"SRR22753528","HHV7","0","-nan%"
"SRR22753528","HSV1_KOS","1","4.41%"
"SRR22753528","HSV2_StrainG","2","8.86%"
"SRR22753528","KSHV","5","7.63%"
"SRR22753528","VZV_Ellen","0","-nan%"
"SRR22753529","combined_herpes_viruses","0","-nan%"
"SRR22753529","EBV","0","-nan%"
"SRR22753529","HCMV","0","-nan%"
"SRR22753529","HHV6B","0","-nan%"
"SRR22753529","HHV7","0","-nan%"
"SRR22753529","HSV1_KOS","1","0.00%"
"SRR22753529","HSV2_StrainG","2","7.65%"
"SRR22753529","KSHV","4","9.75%"
"SRR22753529","VZV_Ellen","0","-nan%"
"SRR22753530","EBV","0","-nan%"
"SRR22753530","HCMV","0","-nan%"
"SRR22753530","HHV6B","1","9.33%"
"SRR22753530","HHV7","0","-nan%"
"SRR22753530","HSV1_KOS","0","-nan%"
"SRR22753530","HSV2_StrainG","1","5.26%"
"SRR22753530","KSHV","8","8.76%"
"SRR22753530","VZV_Ellen","0","-nan%"
"SRR22753531","combined_herpes_viruses","0","-nan%"
"SRR22753531","EBV","0","-nan%"
"SRR22753531","HCMV","0","-nan%"
"SRR22753531","HHV6B","0","-nan%"
"SRR22753531","HHV7","0","-nan%"
"SRR22753531","HSV1_KOS","0","-nan%"
"SRR22753531","HSV2_StrainG","5","8.76%"
"SRR22753531","KSHV","6","8.37%"
"SRR22753531","VZV_Ellen","0","-nan%"
"SRR22753532","combined_herpes_viruses","0","-nan%"
"SRR22753532","EBV","0","-nan%"
"SRR22753532","HCMV","0","-nan%"
"SRR22753532","HHV6B","0","-nan%"
"SRR22753532","HHV7","0","-nan%"
"SRR22753532","HSV1_KOS","2","3.16%"
"SRR22753532","HSV2_StrainG","0","-nan%"
"SRR22753532","KSHV","6","8.48%"
"SRR22753532","VZV_Ellen","0","-nan%"
"SRR22753533","combined_herpes_viruses","0","-nan%"
"SRR22753533","EBV","0","-nan%"
"SRR22753533","HCMV","0","-nan%"
"SRR22753533","HHV6B","0","-nan%"
"SRR22753533","HHV7","0","-nan%"
"SRR22753533","HSV1_KOS","0","-nan%"
"SRR22753533","HSV2_StrainG","0","-nan%"
"SRR22753533","KSHV","0","-nan%"
"SRR22753533","VZV_Ellen","0","-nan%"
"SRR22753534","combined_herpes_viruses","0","-nan%"
"SRR22753534","EBV","0","-nan%"
"SRR22753534","HCMV","0","-nan%"
"SRR22753534","HHV6B","1","7.23%"
"SRR22753534","HHV7","0","-nan%"
"SRR22753534","HSV1_KOS","0","-nan%"
"SRR22753534","HSV2_StrainG","1","9.41%"
"SRR22753534","KSHV","2","8.97%"
"SRR22753534","VZV_Ellen","0","-nan%"
"SRR22753535","combined_herpes_viruses","0","-nan%"
"SRR22753535","EBV","0","-nan%"
"SRR22753535","HCMV","0","-nan%"
"SRR22753535","HHV6B","0","-nan%"
"SRR22753535","HHV7","0","-nan%"
"SRR22753535","HSV1_KOS","1","1.61%"
"SRR22753535","HSV2_StrainG","0","-nan%"
"SRR22753535","KSHV","0","-nan%"
"SRR22753535","VZV_Ellen","0","-nan%"
"SRR22753536","combined_herpes_viruses","0","-nan%"
"SRR22753536","EBV","0","-nan%"
"SRR22753536","HCMV","0","-nan%"
"SRR22753536","HHV6B","0","-nan%"
"SRR22753536","HHV7","0","-nan%"
"SRR22753536","HSV1_KOS","0","-nan%"
"SRR22753536","HSV2_StrainG","1","6.10%"
"SRR22753536","KSHV","0","-nan%"
"SRR22753536","VZV_Ellen","0","-nan%"
"SRR22753537","combined_herpes_viruses","0","-nan%"
"SRR22753537","EBV","0","-nan%"
"SRR22753537","HCMV","0","-nan%"
"SRR22753537","HHV6B","0","-nan%"
"SRR22753537","HHV7","0","-nan%"
"SRR22753537","HSV1_KOS","0","-nan%"
"SRR22753537","HSV2_StrainG","0","-nan%"
"SRR22753537","KSHV","1","8.97%"
"SRR22753537","VZV_Ellen","0","-nan%"
"SRR22753538","combined_herpes_viruses","0","-nan%"
"SRR22753538","EBV","0","-nan%"
"SRR22753538","HCMV","0","-nan%"
"SRR22753538","HHV6B","0","-nan%"
"SRR22753538","HHV7","0","-nan%"
"SRR22753538","HSV1_KOS","0","-nan%"
"SRR22753538","HSV2_StrainG","2","8.93%"
"SRR22753538","KSHV","2","10.00%"
"SRR22753538","VZV_Ellen","0","-nan%"
"SRR22753539","combined_herpes_viruses","0","-nan%"
"SRR22753539","EBV","0","-nan%"
"SRR22753539","HCMV","0","-nan%"
"SRR22753539","HHV6B","0","-nan%"
"SRR22753539","HHV7","0","-nan%"
"SRR22753539","HSV1_KOS","0","-nan%"
"SRR22753539","HSV2_StrainG","0","-nan%"
"SRR22753539","KSHV","1","8.00%"
"SRR22753539","VZV_Ellen","0","-nan%"
"SRR22753540","combined_herpes_viruses","0","-nan%"
"SRR22753540","EBV","0","-nan%"
"SRR22753540","HCMV","0","-nan%"
"SRR22753540","HHV6B","0","-nan%"
"SRR22753540","HHV7","0","-nan%"
"SRR22753540","HSV1_KOS","0","-nan%"
"SRR22753540","HSV2_StrainG","1","10.53%"
"SRR22753540","KSHV","2","8.39%"
"SRR22753540","VZV_Ellen","0","-nan%"
"SRR22753541","combined_herpes_viruses","0","-nan%"
"SRR22753541","EBV","0","-nan%"
"SRR22753541","HCMV","1","10.67%"
"SRR22753541","HHV6B","0","-nan%"
"SRR22753541","HHV7","0","-nan%"
"SRR22753541","HSV1_KOS","1","2.99%"
"SRR22753541","HSV2_StrainG","0","-nan%"
"SRR22753541","KSHV","1","7.50%"
"SRR22753541","VZV_Ellen","0","-nan%"
"SRR22753542","combined_herpes_viruses","0","-nan%"
"SRR22753542","EBV","0","-nan%"
"SRR22753542","HCMV","0","-nan%"
"SRR22753542","HHV6B","0","-nan%"
"SRR22753542","HHV7","0","-nan%"
"SRR22753542","HSV1_KOS","0","-nan%"
"SRR22753542","HSV2_StrainG","1","9.52%"
"SRR22753542","KSHV","1","4.05%"
"SRR22753542","VZV_Ellen","0","-nan%"
"SRR22753543","combined_herpes_viruses","0","-nan%"
"SRR22753543","EBV","0","-nan%"
"SRR22753543","HCMV","0","-nan%"
"SRR22753543","HHV6B","0","-nan%"
"SRR22753543","HHV7","0","-nan%"
"SRR22753543","HSV1_KOS","0","-nan%"
"SRR22753543","HSV2_StrainG","0","-nan%"
"SRR22753543","KSHV","2","7.43%"
"SRR22753543","VZV_Ellen","0","-nan%"
"SRR22753544","combined_herpes_viruses","0","-nan%"
"SRR22753544","EBV","0","-nan%"
"SRR22753544","HCMV","0","-nan%"
"SRR22753544","HHV6B","0","-nan%"
"SRR22753544","HHV7","0","-nan%"
"SRR22753544","HSV1_KOS","0","-nan%"
"SRR22753544","HSV2_StrainG","0","-nan%"
"SRR22753544","KSHV","1","9.52%"
"SRR22753544","VZV_Ellen","0","-nan%"
"SRR22753545","combined_herpes_viruses","0","-nan%"
"SRR22753545","EBV","0","-nan%"
"SRR22753545","HCMV","0","-nan%"
"SRR22753545","HHV6B","0","-nan%"
"SRR22753545","HHV7","0","-nan%"
"SRR22753545","HSV1_KOS","0","-nan%"
"SRR22753545","HSV2_StrainG","12","8.62%"
"SRR22753545","KSHV","10","7.37%"
"SRR22753545","VZV_Ellen","0","-nan%"
"SRR22753546","combined_herpes_viruses","0","-nan%"
"SRR22753546","EBV","0","-nan%"
"SRR22753546","HCMV","0","-nan%"
"SRR22753546","HHV6B","0","-nan%"
"SRR22753546","HHV7","0","-nan%"
"SRR22753546","HSV1_KOS","0","-nan%"
"SRR22753546","HSV2_StrainG","10","8.30%"
"SRR22753546","KSHV","3","5.83%"
"SRR22753546","VZV_Ellen","0","-nan%"
"SRR22753547","combined_herpes_viruses","0","-nan%"
"SRR22753547","EBV","0","-nan%"
"SRR22753547","HCMV","0","-nan%"
"SRR22753547","HHV6B","0","-nan%"
"SRR22753547","HHV7","0","-nan%"
"SRR22753547","HSV1_KOS","1","2.82%"
"SRR22753547","HSV2_StrainG","15","8.13%"
"SRR22753547","KSHV","7","5.05%"
"SRR22753547","VZV_Ellen","0","-nan%"
"SRR22753548","combined_herpes_viruses","0","-nan%"
"SRR22753548","EBV","0","-nan%"
"SRR22753548","HCMV","0","-nan%"
"SRR22753548","HHV6B","0","-nan%"
"SRR22753548","HHV7","0","-nan%"
"SRR22753548","HSV1_KOS","1","8.54%"
"SRR22753548","HSV2_StrainG","5","8.67%"
"SRR22753548","KSHV","8","8.10%"
"SRR22753548","VZV_Ellen","0","-nan%"
"SRR22753549","combined_herpes_viruses","0","-nan%"
"SRR22753549","EBV","0","-nan%"
"SRR22753549","HCMV","0","-nan%"
"SRR22753549","HHV6B","0","-nan%"
"SRR22753549","HHV7","0","-nan%"
"SRR22753549","HSV1_KOS","0","-nan%"
"SRR22753549","HSV2_StrainG","2","8.86%"
"SRR22753549","KSHV","3","6.82%"
"SRR22753549","VZV_Ellen","0","-nan%"
"SRR22753550","combined_herpes_viruses","0","-nan%"
"SRR22753550","EBV","0","-nan%"
"SRR22753550","HCMV","0","-nan%"
"SRR22753550","HHV6B","0","-nan%"
"SRR22753550","HHV7","0","-nan%"
"SRR22753550","HSV1_KOS","1","6.10%"
"SRR22753550","HSV2_StrainG","1","9.41%"
"SRR22753550","KSHV","2","4.86%"
"SRR22753550","VZV_Ellen","0","-nan%"
"SRR22753551","combined_herpes_viruses","0","-nan%"
"SRR22753551","EBV","0","-nan%"
"SRR22753551","HCMV","0","-nan%"
"SRR22753551","HHV6B","1","10.53%"
"SRR22753551","HHV7","0","-nan%"
"SRR22753551","HSV1_KOS","0","-nan%"
"SRR22753551","HSV2_StrainG","1","4.00%"
"SRR22753551","KSHV","3","7.69%"
"SRR22753551","VZV_Ellen","0","-nan%"
"SRR22753552","combined_herpes_viruses","0","-nan%"
"SRR22753552","EBV","0","-nan%"
"SRR22753552","HCMV","0","-nan%"
"SRR22753552","HHV6B","0","-nan%"
"SRR22753552","HHV7","0","-nan%"
"SRR22753552","HSV1_KOS","0","-nan%"
"SRR22753552","HSV2_StrainG","3","8.33%"
"SRR22753552","KSHV","5","5.19%"
"SRR22753552","VZV_Ellen","0","-nan%"
"SRR22753553","combined_herpes_viruses","0","-nan%"
"SRR22753553","EBV","0","-nan%"
"SRR22753553","HCMV","0","-nan%"
"SRR22753553","HHV6B","0","-nan%"
"SRR22753553","HHV7","0","-nan%"
"SRR22753553","HSV1_KOS","2","6.08%"
"SRR22753553","HSV2_StrainG","2","7.55%"
"SRR22753553","KSHV","1","8.64%"
"SRR22753553","VZV_Ellen","0","-nan%"
"SRR22753554","combined_herpes_viruses","0","-nan%"
"SRR22753554","EBV","0","-nan%"
"SRR22753554","HCMV","0","-nan%"
"SRR22753554","HHV6B","0","-nan%"
"SRR22753554","HHV7","0","-nan%"
"SRR22753554","HSV1_KOS","0","-nan%"
"SRR22753554","HSV2_StrainG","0","-nan%"
"SRR22753554","KSHV","1","5.71%"
"SRR22753554","VZV_Ellen","0","-nan%"
"SRR22753555","combined_herpes_viruses","0","-nan%"
"SRR22753555","EBV","0","-nan%"
"SRR22753555","HCMV","0","-nan%"
"SRR22753555","HHV6B","0","-nan%"
"SRR22753555","HHV7","0","-nan%"
"SRR22753555","HSV1_KOS","0","-nan%"
"SRR22753555","HSV2_StrainG","1","10.53%"
"SRR22753555","KSHV","1","7.14%"
"SRR22753555","VZV_Ellen","0","-nan%"
"SRR22753556","combined_herpes_viruses","0","-nan%"
"SRR22753556","EBV","0","-nan%"
"SRR22753556","HCMV","0","-nan%"
"SRR22753556","HHV6B","0","-nan%"
"SRR22753556","HHV7","0","-nan%"
"SRR22753556","HSV1_KOS","1","3.08%"
"SRR22753556","HSV2_StrainG","0","-nan%"
"SRR22753556","KSHV","2","9.38%"
"SRR22753556","VZV_Ellen","0","-nan%"
"SRR22753557","combined_herpes_viruses","0","-nan%"
"SRR22753557","EBV","0","-nan%"
"SRR22753557","HCMV","0","-nan%"
"SRR22753557","HHV6B","0","-nan%"
"SRR22753557","HHV7","0","-nan%"
"SRR22753557","HSV1_KOS","0","-nan%"
"SRR22753557","HSV2_StrainG","2","9.41%"
"SRR22753557","KSHV","1","4.65%"
"SRR22753557","VZV_Ellen","0","-nan%"
"SRR22753558","combined_herpes_viruses","0","-nan%"
"SRR22753558","EBV","0","-nan%"
"SRR22753558","HCMV","0","-nan%"
"SRR22753558","HHV6B","0","-nan%"
"SRR22753558","HHV7","0","-nan%"
"SRR22753558","HSV1_KOS","1","10.39%"
"SRR22753558","HSV2_StrainG","2","5.23%"
"SRR22753558","KSHV","2","6.76%"
"SRR22753558","VZV_Ellen","0","-nan%"
"SRR22753559","combined_herpes_viruses","0","-nan%"
"SRR22753559","EBV","0","-nan%"
"SRR22753559","HCMV","0","-nan%"
"SRR22753559","HHV6B","0","-nan%"
"SRR22753559","HHV7","0","-nan%"
"SRR22753559","HSV1_KOS","2","8.44%"
"SRR22753559","HSV2_StrainG","3","7.08%"
"SRR22753559","KSHV","2","5.66%"
"SRR22753559","VZV_Ellen","0","-nan%"
"SRR22753560","combined_herpes_viruses","0","-nan%"
"SRR22753560","EBV","0","-nan%"
"SRR22753560","HCMV","0","-nan%"
"SRR22753560","HHV6B","0","-nan%"
"SRR22753560","HHV7","0","-nan%"
"SRR22753560","HSV1_KOS","0","-nan%"
"SRR22753560","HSV2_StrainG","3","9.64%"
"SRR22753560","KSHV","2","9.20%"
"SRR22753560","VZV_Ellen","0","-nan%"
"SRR22753561","combined_herpes_viruses","0","-nan%"
"SRR22753561","EBV","0","-nan%"
"SRR22753561","HCMV","0","-nan%"
"SRR22753561","HHV6B","0","-nan%"
"SRR22753561","HHV7","0","-nan%"
"SRR22753561","HSV1_KOS","17","3.71%"
"SRR22753561","HSV2_StrainG","0","-nan%"
"SRR22753561","KSHV","2","5.96%"
"SRR22753562","combined_herpes_viruses","0","-nan%"
"SRR22753562","EBV","0","-nan%"
"SRR22753562","HCMV","0","-nan%"
"SRR22753562","HHV6B","1","10.26%"
"SRR22753562","HHV7","0","-nan%"
"SRR22753562","HSV1_KOS","20","4.24%"
"SRR22753562","HSV2_StrainG","1","9.59%"
"SRR22753562","KSHV","0","-nan%"
"SRR22753562","VZV_Ellen","0","-nan%"
"SRR22753563","combined_herpes_viruses","0","-nan%"
"SRR22753563","EBV","0","-nan%"
"SRR22753563","HCMV","0","-nan%"
"SRR22753563","HHV6B","0","-nan%"
"SRR22753563","HHV7","0","-nan%"
"SRR22753563","HSV1_KOS","1","7.23%"
"SRR22753563","HSV2_StrainG","4","8.47%"
"SRR22753563","KSHV","3","6.36%"
"SRR22753563","VZV_Ellen","0","-nan%"
"SRR22753564","combined_herpes_viruses","0","-nan%"
"SRR22753564","EBV","0","-nan%"
"SRR22753564","HCMV","0","-nan%"
"SRR22753564","HHV6B","0","-nan%"
"SRR22753564","HHV7","0","-nan%"
"SRR22753564","HSV1_KOS","1","7.04%"
"SRR22753564","HSV2_StrainG","2","8.54%"
"SRR22753564","KSHV","4","7.26%"
"SRR22753564","VZV_Ellen","0","-nan%"
"SRR22753565","combined_herpes_viruses","0","-nan%"
"SRR22753565","EBV","0","-nan%"
"SRR22753565","HCMV","0","-nan%"
"SRR22753565","HHV6B","0","-nan%"
"SRR22753565","HHV7","0","-nan%"
"SRR22753565","HSV1_KOS","1","7.32%"
"SRR22753565","HSV2_StrainG","1","9.41%"
"SRR22753565","KSHV","7","8.19%"
"SRR22753565","VZV_Ellen","0","-nan%"
"SRR22753566","combined_herpes_viruses","0","-nan%"
"SRR22753566","EBV","0","-nan%"
"SRR22753566","HCMV","0","-nan%"
"SRR22753566","HHV6B","0","-nan%"
"SRR22753566","HHV7","0","-nan%"
"SRR22753566","HSV1_KOS","1","1.61%"
"SRR22753566","HSV2_StrainG","6","8.57%"
"SRR22753566","KSHV","16","9.03%"
"SRR22753566","VZV_Ellen","0","-nan%"
"SRR22753567","combined_herpes_viruses","0","-nan%"
"SRR22753567","EBV","0","-nan%"
"SRR22753567","HCMV","0","-nan%"
"SRR22753567","HHV6B","0","-nan%"
"SRR22753567","HHV7","0","-nan%"
"SRR22753567","HSV1_KOS","3","6.07%"
"SRR22753567","HSV2_StrainG","7","9.18%"
"SRR22753567","KSHV","11","9.19%"
"SRR22753567","VZV_Ellen","0","-nan%"
"SRR22753568","combined_herpes_viruses","0","-nan%"
"SRR22753568","EBV","0","-nan%"
"SRR22753568","HCMV","0","-nan%"
"SRR22753568","HHV6B","0","-nan%"
"SRR22753568","HHV7","0","-nan%"
"SRR22753568","HSV1_KOS","4","5.45%"
"SRR22753568","HSV2_StrainG","6","8.43%"
"SRR22753568","KSHV","9","7.98%"
"SRR22753568","VZV_Ellen","0","-nan%"
"SRR22753569","combined_herpes_viruses","0","-nan%"
"SRR22753569","EBV","0","-nan%"
"SRR22753569","HCMV","0","-nan%"
"SRR22753569","HHV6B","0","-nan%"
"SRR22753569","HHV7","0","-nan%"
"SRR22753569","HSV1_KOS","1","5.06%"
"SRR22753569","HSV2_StrainG","1","8.54%"
"SRR22753569","KSHV","6","8.74%"
"SRR22753569","VZV_Ellen","0","-nan%"
"SRR22753570","combined_herpes_viruses","0","-nan%"
"SRR22753570","EBV","0","-nan%"
"SRR22753570","HCMV","0","-nan%"
"SRR22753570","HHV6B","2","9.03%"
"SRR22753570","HHV7","0","-nan%"
"SRR22753570","HSV1_KOS","12","4.90%"
"SRR22753570","HSV2_StrainG","1","8.54%"
"SRR22753570","KSHV","5","7.57%"
"SRR22753570","VZV_Ellen","0","-nan%"
"SRR22753571","combined_herpes_viruses","0","-nan%"
"SRR22753571","EBV","0","-nan%"
"SRR22753571","HCMV","0","-nan%"
"SRR22753571","HHV6B","0","-nan%"
"SRR22753571","HHV7","0","-nan%"
"SRR22753571","HSV1_KOS","23","5.10%"
"SRR22753571","HSV2_StrainG","2","4.32%"
"SRR22753571","KSHV","2","7.69%"
"SRR22753571","VZV_Ellen","0","-nan%"
"SRR22753572","combined_herpes_viruses","0","-nan%"
"SRR22753572","EBV","1","9.86%"
"SRR22753572","HCMV","1","6.90%"
"SRR22753572","HHV6B","0","-nan%"
"SRR22753572","HHV7","1","9.72%"
"SRR22753572","HSV1_KOS","8","3.97%"
"SRR22753572","HSV2_StrainG","0","-nan%"
"SRR22753572","KSHV","2","7.09%"
"SRR22753572","VZV_Ellen","0","-nan%"
"SRR22753573","combined_herpes_viruses","0","-nan%"
"SRR22753573","EBV","1","1.25%"
"SRR22753573","HCMV","0","-nan%"
"SRR22753573","HHV6B","0","-nan%"
"SRR22753573","HHV7","0","-nan%"
"SRR22753573","HSV1_KOS","29","5.40%"
"SRR22753573","HSV2_StrainG","3","9.87%"
"SRR22753573","KSHV","4","6.55%"
"SRR22753573","VZV_Ellen","0","-nan%"
"SRR22753574","combined_herpes_viruses","0","-nan%"
"SRR22753574","EBV","0","-nan%"
"SRR22753574","HCMV","0","-nan%"
"SRR22753574","HHV6B","3","6.85%"
"SRR22753574","HHV7","0","-nan%"
"SRR22753574","HSV1_KOS","9","3.24%"
"SRR22753574","HSV2_StrainG","3","8.19%"
"SRR22753574","KSHV","0","-nan%"
"SRR22753574","VZV_Ellen","0","-nan%"
"SRR22753575","combined_herpes_viruses","0","-nan%"
"SRR22753575","EBV","0","-nan%"
"SRR22753575","HCMV","0","-nan%"
"SRR22753575","HHV6B","0","-nan%"
"SRR22753575","HHV7","0","-nan%"
"SRR22753575","HSV1_KOS","35","4.70%"
"SRR22753575","HSV2_StrainG","1","8.43%"
"SRR22753575","KSHV","1","4.17%"
"SRR22753575","VZV_Ellen","0","-nan%"
"SRR22753576","combined_herpes_viruses","0","-nan%"
"SRR22753576","EBV","0","-nan%"
"SRR22753576","HCMV","0","-nan%"
"SRR22753576","HHV6B","0","-nan%"
"SRR22753576","HHV7","0","-nan%"
"SRR22753576","HSV1_KOS","12","4.19%"
"SRR22753576","HSV2_StrainG","2","6.37%"
"SRR22753576","KSHV","2","9.46%"
"SRR22753576","VZV_Ellen","0","-nan%"
"SRR22753577","combined_herpes_viruses","0","-nan%"
"SRR22753577","EBV","0","-nan%"
"SRR22753577","HCMV","1","0.00%"
"SRR22753577","HHV6B","1","10.67%"
"SRR22753577","HHV7","0","-nan%"
"SRR22753577","HSV1_KOS","7","3.17%"
"SRR22753577","HSV2_StrainG","1","3.70%"
"SRR22753577","KSHV","2","0.00%"
"SRR22753577","VZV_Ellen","0","-nan%"
"SRR22753578","combined_herpes_viruses","0","-nan%"
"SRR22753578","EBV","16","7.41%"
"SRR22753578","HCMV","20","1.14%"
"SRR22753578","HHV6B","0","-nan%"
"SRR22753578","HHV7","1","8.45%"
"SRR22753578","HSV1_KOS","64","4.45%"
"SRR22753578","HSV2_StrainG","8","7.83%"
"SRR22753578","KSHV","1","9.21%"
"SRR22753578","VZV_Ellen","0","-nan%"
"SRR22753579","combined_herpes_viruses","0","-nan%"
"SRR22753579","EBV","0","-nan%"
"SRR22753579","HCMV","0","-nan%"
"SRR22753579","HHV6B","0","-nan%"
"SRR22753579","HHV7","0","-nan%"
"SRR22753579","HSV1_KOS","0","-nan%"
"SRR22753579","HSV2_StrainG","0","-nan%"
"SRR22753579","KSHV","0","-nan%"
"SRR22753579","VZV_Ellen","0","-nan%"
"SRR22753580","combined_herpes_viruses","0","-nan%"
"SRR22753580","EBV","0","-nan%"
"SRR22753580","HCMV","0","-nan%"
"SRR22753580","HHV6B","0","-nan%"
"SRR22753580","HHV7","0","-nan%"
"SRR22753580","HSV1_KOS","17","3.37%"
"SRR22753580","HSV2_StrainG","2","7.95%"
"SRR22753580","KSHV","1","8.45%"
"SRR22753580","VZV_Ellen","0","-nan%"
"SRR22753581","combined_herpes_viruses","0","-nan%"
"SRR22753581","EBV","0","-nan%"
"SRR22753581","HCMV","0","-nan%"
"SRR22753581","HHV6B","2","8.50%"
"SRR22753581","HHV7","0","-nan%"
"SRR22753581","HSV1_KOS","10","5.86%"
"SRR22753581","HSV2_StrainG","0","-nan%"
"SRR22753581","KSHV","0","-nan%"
"SRR22753581","VZV_Ellen","0","-nan%"
"SRR22753582","combined_herpes_viruses","0","-nan%"
"SRR22753582","EBV","0","-nan%"
"SRR22753582","HCMV","1","7.41%"
"SRR22753582","HHV6B","1","7.41%"
"SRR22753582","HHV7","1","8.45%"
"SRR22753582","HSV1_KOS","22","4.60%"
"SRR22753582","HSV2_StrainG","1","8.54%"
"SRR22753582","KSHV","0","-nan%"
"SRR22753582","VZV_Ellen","0","-nan%"
"SRR22753583","combined_herpes_viruses","0","-nan%"
"SRR22753583","EBV","0","-nan%"
"SRR22753583","HCMV","1","0.00%"
"SRR22753583","HHV6B","0","-nan%"
"SRR22753583","HHV7","0","-nan%"
"SRR22753583","HSV1_KOS","0","-nan%"
"SRR22753583","HSV2_StrainG","0","-nan%"
"SRR22753583","KSHV","3","7.01%"
"SRR22753583","VZV_Ellen","0","-nan%"
"SRR22753584","combined_herpes_viruses","0","-nan%"
"SRR22753584","EBV","0","-nan%"
"SRR22753584","HCMV","0","-nan%"
"SRR22753584","HHV6B","0","-nan%"
"SRR22753584","HHV7","0","-nan%"
"SRR22753584","HSV1_KOS","18","5.15%"
"SRR22753584","HSV2_StrainG","1","8.45%"
"SRR22753584","KSHV","0","-nan%"
"SRR22753584","VZV_Ellen","0","-nan%"
"SRR22753585","combined_herpes_viruses","0","-nan%"
"SRR22753585","EBV","0","-nan%"
"SRR22753585","HCMV","0","-nan%"
"SRR22753585","HHV6B","0","-nan%"
"SRR22753585","HHV7","0","-nan%"
"SRR22753585","HSV1_KOS","23","4.71%"
"SRR22753585","HSV2_StrainG","1","10.67%"
"SRR22753585","KSHV","1","4.11%"
"SRR22753585","VZV_Ellen","0","-nan%"
"SRR22753586","combined_herpes_viruses","0","-nan%"
"SRR22753586","EBV","0","-nan%"
"SRR22753586","HCMV","0","-nan%"
"SRR22753586","HHV6B","1","5.19%"
"SRR22753586","HHV7","0","-nan%"
"SRR22753586","HSV1_KOS","8","5.51%"
"SRR22753586","HSV2_StrainG","1","8.14%"
"SRR22753586","KSHV","5","6.27%"
"SRR22753586","VZV_Ellen","0","-nan%"
"SRR22753587","combined_herpes_viruses","0","-nan%"
"SRR22753587","EBV","1","7.41%"
"SRR22753587","HCMV","0","-nan%"
"SRR22753587","HHV6B","0","-nan%"
"SRR22753587","HHV7","0","-nan%"
"SRR22753587","HSV1_KOS","6","5.23%"
"SRR22753587","HSV2_StrainG","1","5.88%"
"SRR22753587","KSHV","1","6.94%"
"SRR22753587","VZV_Ellen","0","-nan%"
